"1","AMZN","424.870","1806032","1806032","4/30/2015","1:55pm"
"2","AAPL","125.670","53693186","53693186","4/30/2015","1:56pm"
"3","FB","79.360","13940076","13940076","4/30/2015","1:56pm"
"4","GOOG","538.350","1079711","1079711","4/30/2015","1:55pm"
"5","YHOO","42.790","6387973","6387973","4/30/2015","1:56pm"
"6","SIRI","3.950","19935958","19935958","4/30/2015","1:56pm"
"7","GE","27.235","24472436","24472436","4/30/2015","1:56pm"
"8","S","5.139","8094279","8094279","4/30/2015","1:56pm"
"9","BAC","15.998","45528727","45528727","4/30/2015","1:56pm"
"10","MSFT","49.190","39871263","39871263","4/30/2015","1:56pm"
"11","AMZN","425.000","1810227","4195","4/30/2015","1:57pm"
"12","AAPL","125.730","53849407","156221","4/30/2015","1:57pm"
"13","FB","79.380","13962346","22270","4/30/2015","1:57pm"
"14","GOOG","538.530","1081083","1372","4/30/2015","1:57pm"
"15","YHOO","42.795","6411400","23427","4/30/2015","1:57pm"
"16","SIRI","3.950","19943273","7315","4/30/2015","1:57pm"
"17","GE","27.250","24502080","29644","4/30/2015","1:57pm"
"18","S","5.130","8094999","720","4/30/2015","1:57pm"
"19","BAC","15.995","45590763","62036","4/30/2015","1:57pm"
"20","MSFT","49.190","39877009","5746","4/30/2015","1:57pm"
"21","AMZN","424.914","1814286","4059","4/30/2015","1:58pm"
"22","AAPL","125.740","53983761","134354","4/30/2015","1:58pm"
"23","FB","79.390","13990574","28228","4/30/2015","1:58pm"
"24","GOOG","538.900","1082436","1353","4/30/2015","1:58pm"
"25","YHOO","42.820","6421969","10569","4/30/2015","1:58pm"
"26","SIRI","3.940","19953757","10484","4/30/2015","1:58pm"
"27","GE","27.250","24515358","13278","4/30/2015","1:58pm"
"28","S","5.140","8097299","2300","4/30/2015","1:58pm"
"29","BAC","16.000","45613867","23104","4/30/2015","1:58pm"
"30","MSFT","49.200","39987447","110438","4/30/2015","1:58pm"
"31","AMZN","425.000","1817608","3322","4/30/2015","1:59pm"
"32","AAPL","125.670","54056513","72752","4/30/2015","1:59pm"
"33","FB","79.360","14014160","23586","4/30/2015","1:59pm"
"34","GOOG","538.860","1088317","5881","4/30/2015","1:59pm"
"35","YHOO","42.800","6442476","20507","4/30/2015","1:59pm"
"36","SIRI","3.950","19984610","30853","4/30/2015","1:59pm"
"37","GE","27.240","24568056","52698","4/30/2015","1:59pm"
"38","S","5.130","8129175","31876","4/30/2015","1:59pm"
"39","BAC","16.000","45683030","69163","4/30/2015","1:59pm"
"40","MSFT","49.190","40051891","64444","4/30/2015","1:59pm"
"41","AMZN","424.780","1822440","4832","4/30/2015","2:00pm"
"42","AAPL","125.640","54159412","102899","4/30/2015","2:00pm"
"43","FB","79.340","14039022","24862","4/30/2015","2:00pm"
"44","GOOG","539.000","1093174","4857","4/30/2015","2:00pm"
"45","YHOO","42.791","6459664","17188","4/30/2015","2:00pm"
"46","SIRI","3.940","20666081","681471","4/30/2015","2:00pm"
"47","GE","27.230","24620344","52288","4/30/2015","2:00pm"
"48","S","5.130","8134805","5630","4/30/2015","2:00pm"
"49","BAC","15.994","45904321","221291","4/30/2015","2:00pm"
"50","MSFT","49.200","40118567","66676","4/30/2015","2:00pm"
"51","AMZN","424.480","1826818","4378","4/30/2015","2:01pm"
"52","AAPL","125.579","54273335","113923","4/30/2015","2:01pm"
"53","FB","79.310","14103692","64670","4/30/2015","2:01pm"
"54","GOOG","538.580","1094342","1168","4/30/2015","2:01pm"
"55","YHOO","42.790","6488935","29271","4/30/2015","2:01pm"
"56","SIRI","3.940","20669649","3568","4/30/2015","2:01pm"
"57","GE","27.205","24697218","76874","4/30/2015","2:01pm"
"58","S","5.120","8138105","3300","4/30/2015","2:01pm"
"59","BAC","15.985","46231900","327579","4/30/2015","2:01pm"
"60","MSFT","49.180","40253526","134959","4/30/2015","2:01pm"
"61","AMZN","424.310","1830451","3633","4/30/2015","2:02pm"
"62","AAPL","125.630","54332742","59407","4/30/2015","2:02pm"
"63","FB","79.345","14154097","50405","4/30/2015","2:02pm"
"64","GOOG","538.380","1096186","1844","4/30/2015","2:02pm"
"65","YHOO","42.780","6498823","9888","4/30/2015","2:02pm"
"66","SIRI","3.940","20676927","7278","4/30/2015","2:02pm"
"67","GE","27.210","24708144","10926","4/30/2015","2:02pm"
"68","S","5.125","8274371","136266","4/30/2015","2:02pm"
"69","BAC","15.980","46258954","27054","4/30/2015","2:02pm"
"70","MSFT","49.170","40268683","15157","4/30/2015","2:02pm"
"71","AMZN","424.465","1831532","1081","4/30/2015","2:03pm"
"72","AAPL","125.610","54393756","61014","4/30/2015","2:03pm"
"73","FB","79.350","14179676","25579","4/30/2015","2:03pm"
"74","GOOG","538.180","1097579","1393","4/30/2015","2:03pm"
"75","YHOO","42.780","6516833","18010","4/30/2015","2:03pm"
"76","SIRI","3.940","20701701","24774","4/30/2015","2:03pm"
"77","GE","27.205","24725105","16961","4/30/2015","2:03pm"
"78","S","5.120","8280371","6000","4/30/2015","2:03pm"
"79","BAC","15.985","46282508","23554","4/30/2015","2:03pm"
"80","MSFT","49.150","40301678","32995","4/30/2015","2:03pm"
"81","AMZN","424.383","1834924","3392","4/30/2015","2:04pm"
"82","AAPL","125.571","54462141","68385","4/30/2015","2:04pm"
"83","FB","79.300","14200527","20851","4/30/2015","2:04pm"
"84","GOOG","538.250","1098073","494","4/30/2015","2:04pm"
"85","YHOO","42.750","6524265","7432","4/30/2015","2:04pm"
"86","SIRI","3.940","20707125","5424","4/30/2015","2:04pm"
"87","GE","27.200","24770143","45038","4/30/2015","2:04pm"
"88","S","5.125","8292271","11900","4/30/2015","2:04pm"
"89","BAC","15.980","46438674","156166","4/30/2015","2:04pm"
"90","MSFT","49.170","40425418","123740","4/30/2015","2:04pm"
"91","AMZN","424.360","1839044","4120","4/30/2015","2:05pm"
"92","AAPL","125.590","54574278","112137","4/30/2015","2:05pm"
"93","FB","79.341","14225744","25217","4/30/2015","2:05pm"
"94","GOOG","538.270","1104891","6818","4/30/2015","2:05pm"
"95","YHOO","42.770","6642781","118516","4/30/2015","2:05pm"
"96","SIRI","3.940","20736119","28994","4/30/2015","2:05pm"
"97","GE","27.205","24818359","48216","4/30/2015","2:05pm"
"98","S","5.120","8300971","8700","4/30/2015","2:05pm"
"99","BAC","15.975","46527234","88560","4/30/2015","2:05pm"
"100","MSFT","49.160","40466564","41146","4/30/2015","2:05pm"
"101","AMZN","424.413","1855321","16277","4/30/2015","2:06pm"
"102","AAPL","125.645","54696831","122553","4/30/2015","2:06pm"
"103","FB","79.323","14260382","34638","4/30/2015","2:06pm"
"104","GOOG","538.260","1111176","6285","4/30/2015","2:06pm"
"105","YHOO","42.740","6666569","23788","4/30/2015","2:06pm"
"106","SIRI","3.940","20747681","11562","4/30/2015","2:06pm"
"107","GE","27.201","24890111","71752","4/30/2015","2:06pm"
"108","S","5.120","8312984","12013","4/30/2015","2:06pm"
"109","BAC","15.970","46833767","306533","4/30/2015","2:06pm"
"110","MSFT","49.196","40734814","268250","4/30/2015","2:06pm"
"111","AMZN","424.330","1866543","11222","4/30/2015","2:07pm"
"112","AAPL","125.600","54876039","179208","4/30/2015","2:07pm"
"113","FB","79.311","14284500","24118","4/30/2015","2:07pm"
"114","GOOG","538.300","1112558","1382","4/30/2015","2:07pm"
"115","YHOO","42.750","6684253","17684","4/30/2015","2:06pm"
"116","SIRI","3.940","20756481","8800","4/30/2015","2:07pm"
"117","GE","27.215","24904941","14830","4/30/2015","2:07pm"
"118","S","5.120","8317184","4200","4/30/2015","2:07pm"
"119","BAC","15.975","46926284","92517","4/30/2015","2:07pm"
"120","MSFT","49.205","40782647","47833","4/30/2015","2:07pm"
"121","AMZN","424.030","1879333","12790","4/30/2015","2:08pm"
"122","AAPL","125.580","54944138","68099","4/30/2015","2:08pm"
"123","FB","79.310","14339028","54528","4/30/2015","2:08pm"
"124","GOOG","538.480","1126085","13527","4/30/2015","2:08pm"
"125","YHOO","42.731","6694604","10351","4/30/2015","2:08pm"
"126","SIRI","3.930","20763853","7372","4/30/2015","2:08pm"
"127","GE","27.210","24962058","57117","4/30/2015","2:08pm"
"128","S","5.130","8321150","3966","4/30/2015","2:08pm"
"129","BAC","15.979","46947131","20847","4/30/2015","2:08pm"
"130","MSFT","49.175","40819191","36544","4/30/2015","2:08pm"
"131","AMZN","424.030","1884834","5501","4/30/2015","2:09pm"
"132","AAPL","125.586","55018154","74016","4/30/2015","2:09pm"
"133","FB","79.320","14361293","22265","4/30/2015","2:09pm"
"134","GOOG","538.530","1141264","15179","4/30/2015","2:09pm"
"135","YHOO","42.730","6711497","16893","4/30/2015","2:09pm"
"136","SIRI","3.930","20775853","12000","4/30/2015","2:09pm"
"137","GE","27.220","24983280","21222","4/30/2015","2:09pm"
"138","S","5.120","8325607","4457","4/30/2015","2:09pm"
"139","BAC","15.980","46991149","44018","4/30/2015","2:09pm"
"140","MSFT","49.160","40914420","95229","4/30/2015","2:09pm"
"141","AMZN","423.640","1902399","17565","4/30/2015","2:10pm"
"142","AAPL","125.530","55097037","78883","4/30/2015","2:10pm"
"143","FB","79.285","14416899","55606","4/30/2015","2:10pm"
"144","GOOG","538.490","1150269","9005","4/30/2015","2:10pm"
"145","YHOO","42.710","6756850","45353","4/30/2015","2:10pm"
"146","SIRI","3.930","20794579","18726","4/30/2015","2:10pm"
"147","GE","27.230","25020470","37190","4/30/2015","2:10pm"
"148","S","5.125","8338507","12900","4/30/2015","2:10pm"
"149","BAC","15.980","47010786","19637","4/30/2015","2:10pm"
"150","MSFT","49.150","41002870","88450","4/30/2015","2:10pm"
"151","AMZN","423.665","1906956","4557","4/30/2015","2:11pm"
"152","AAPL","125.535","55257794","160757","4/30/2015","2:11pm"
"153","FB","79.211","14546225","129326","4/30/2015","2:11pm"
"154","GOOG","538.500","1156647","6378","4/30/2015","2:11pm"
"155","YHOO","42.710","6782489","25639","4/30/2015","2:11pm"
"156","SIRI","3.930","20803930","9351","4/30/2015","2:11pm"
"157","GE","27.205","25073773","53303","4/30/2015","2:11pm"
"158","S","5.125","8356910","18403","4/30/2015","2:11pm"
"159","BAC","15.980","47176110","165324","4/30/2015","2:11pm"
"160","MSFT","49.150","41047595","44725","4/30/2015","2:11pm"
"161","AMZN","423.620","1921626","14670","4/30/2015","2:12pm"
"162","AAPL","125.660","55402165","144371","4/30/2015","2:12pm"
"163","FB","79.245","14641522","95297","4/30/2015","2:12pm"
"164","GOOG","538.670","1161738","5091","4/30/2015","2:12pm"
"165","YHOO","42.740","6839003","56514","4/30/2015","2:12pm"
"166","SIRI","3.930","20818241","14311","4/30/2015","2:12pm"
"167","GE","27.235","25123305","49532","4/30/2015","2:12pm"
"168","S","5.120","8538058","181148","4/30/2015","2:12pm"
"169","BAC","15.990","47253682","77572","4/30/2015","2:12pm"
"170","MSFT","49.170","41184931","137336","4/30/2015","2:12pm"
"171","AMZN","423.970","1927149","5523","4/30/2015","2:13pm"
"172","AAPL","125.660","55516341","114176","4/30/2015","2:13pm"
"173","FB","79.279","14723471","81949","4/30/2015","2:13pm"
"174","GOOG","538.920","1163461","1723","4/30/2015","2:13pm"
"175","YHOO","42.730","6852789","13786","4/30/2015","2:13pm"
"176","SIRI","3.940","20995041","176800","4/30/2015","2:13pm"
"177","GE","27.245","25191982","68677","4/30/2015","2:13pm"
"178","S","5.110","8598624","60566","4/30/2015","2:13pm"
"179","BAC","15.995","47382647","128965","4/30/2015","2:13pm"
"180","MSFT","49.150","41414964","230033","4/30/2015","2:13pm"
"181","AMZN","423.700","1930487","3338","4/30/2015","2:13pm"
"182","AAPL","125.670","55617808","101467","4/30/2015","2:14pm"
"183","FB","79.240","14753045","29574","4/30/2015","2:14pm"
"184","GOOG","539.060","1163699","238","4/30/2015","2:13pm"
"185","YHOO","42.720","6874105","21316","4/30/2015","2:14pm"
"186","SIRI","3.940","21115226","120185","4/30/2015","2:14pm"
"187","GE","27.236","25237545","45563","4/30/2015","2:14pm"
"188","S","5.110","8766236","167612","4/30/2015","2:14pm"
"189","BAC","16.000","47422911","40264","4/30/2015","2:14pm"
"190","MSFT","49.140","41534583","119619","4/30/2015","2:14pm"
"191","AMZN","423.890","1938204","7717","4/30/2015","2:15pm"
"192","AAPL","125.745","55749261","131453","4/30/2015","2:15pm"
"193","FB","79.216","14785633","32588","4/30/2015","2:15pm"
"194","GOOG","539.010","1164845","1146","4/30/2015","2:15pm"
"195","YHOO","42.710","6878453","4348","4/30/2015","2:15pm"
"196","SIRI","3.940","21201229","86003","4/30/2015","2:15pm"
"197","GE","27.235","25255491","17946","4/30/2015","2:15pm"
"198","S","5.105","8772136","5900","4/30/2015","2:15pm"
"199","BAC","15.995","47490809","67898","4/30/2015","2:15pm"
"200","MSFT","49.150","41577464","42881","4/30/2015","2:15pm"
"201","AMZN","423.660","1942106","3902","4/30/2015","2:16pm"
"202","AAPL","125.680","55862243","112982","4/30/2015","2:16pm"
"203","FB","79.160","14877122","91489","4/30/2015","2:16pm"
"204","GOOG","538.460","1166725","1880","4/30/2015","2:15pm"
"205","YHOO","42.690","6913111","34658","4/30/2015","2:16pm"
"206","SIRI","3.940","21941721","740492","4/30/2015","2:16pm"
"207","GE","27.240","25274576","19085","4/30/2015","2:16pm"
"208","S","5.125","8892752","120616","4/30/2015","2:16pm"
"209","BAC","16.000","47518671","27862","4/30/2015","2:16pm"
"210","MSFT","49.150","41652147","74683","4/30/2015","2:16pm"
"211","AMZN","423.250","1957378","15272","4/30/2015","2:17pm"
"212","AAPL","125.607","55938813","76570","4/30/2015","2:17pm"
"213","FB","79.110","15007022","129900","4/30/2015","2:17pm"
"214","GOOG","538.360","1167090","365","4/30/2015","2:17pm"
"215","YHOO","42.660","7050691","137580","4/30/2015","2:17pm"
"216","SIRI","3.940","22079767","138046","4/30/2015","2:17pm"
"217","GE","27.240","25289940","15364","4/30/2015","2:17pm"
"218","S","5.117","8923445","30693","4/30/2015","2:17pm"
"219","BAC","16.000","47570931","52260","4/30/2015","2:17pm"
"220","MSFT","49.150","41702335","50188","4/30/2015","2:17pm"
"221","AMZN","423.460","1959444","2066","4/30/2015","2:18pm"
"222","AAPL","125.640","56001402","62589","4/30/2015","2:18pm"
"223","FB","79.130","15065588","58566","4/30/2015","2:18pm"
"224","GOOG","538.780","1169721","2631","4/30/2015","2:18pm"
"225","YHOO","42.670","7066480","15789","4/30/2015","2:18pm"
"226","SIRI","3.940","22081567","1800","4/30/2015","2:18pm"
"227","GE","27.220","25306873","16933","4/30/2015","2:18pm"
"228","S","5.115","8937945","14500","4/30/2015","2:18pm"
"229","BAC","16.000","47582222","11291","4/30/2015","2:18pm"
"230","MSFT","49.155","41728185","25850","4/30/2015","2:18pm"
"231","AMZN","423.410","1962608","3164","4/30/2015","2:19pm"
"232","AAPL","125.605","56137830","136428","4/30/2015","2:19pm"
"233","FB","79.161","15148314","82726","4/30/2015","2:19pm"
"234","GOOG","538.740","1170874","1153","4/30/2015","2:19pm"
"235","YHOO","42.670","7109796","43316","4/30/2015","2:19pm"
"236","SIRI","3.940","22244478","162911","4/30/2015","2:19pm"
"237","GE","27.215","25342214","35341","4/30/2015","2:19pm"
"238","S","5.110","8945696","7751","4/30/2015","2:19pm"
"239","BAC","16.000","47601578","19356","4/30/2015","2:19pm"
"240","MSFT","49.150","41828442","100257","4/30/2015","2:19pm"
"241","AMZN","423.175","1987604","24996","4/30/2015","2:20pm"
"242","AAPL","125.650","56237962","100132","4/30/2015","2:20pm"
"243","FB","79.200","15190553","42239","4/30/2015","2:20pm"
"244","GOOG","538.830","1177595","6721","4/30/2015","2:20pm"
"245","YHOO","42.660","7151234","41438","4/30/2015","2:20pm"
"246","SIRI","3.930","22272683","28205","4/30/2015","2:20pm"
"247","GE","27.215","25387459","45245","4/30/2015","2:20pm"
"248","S","5.115","8965571","19875","4/30/2015","2:20pm"
"249","BAC","15.980","47994716","393138","4/30/2015","2:20pm"
"250","MSFT","49.140","41951840","123398","4/30/2015","2:20pm"
"251","AMZN","423.147","1991398","3794","4/30/2015","2:21pm"
"252","AAPL","125.520","56310267","72305","4/30/2015","2:21pm"
"253","FB","79.135","15234938","44385","4/30/2015","2:21pm"
"254","GOOG","538.960","1183438","5843","4/30/2015","2:21pm"
"255","YHOO","42.630","7199778","48544","4/30/2015","2:21pm"
"256","SIRI","3.930","22287921","15238","4/30/2015","2:21pm"
"257","GE","27.200","25464917","77458","4/30/2015","2:21pm"
"258","S","5.110","8981511","15940","4/30/2015","2:21pm"
"259","BAC","15.976","48154246","159530","4/30/2015","2:21pm"
"260","MSFT","49.085","42040897","89057","4/30/2015","2:21pm"
"261","AMZN","422.850","2005421","14023","4/30/2015","2:22pm"
"262","AAPL","125.520","56387322","77055","4/30/2015","2:22pm"
"263","FB","79.120","15282562","47624","4/30/2015","2:22pm"
"264","GOOG","539.000","1194466","11028","4/30/2015","2:22pm"
"265","YHOO","42.630","7265096","65318","4/30/2015","2:22pm"
"266","SIRI","3.940","22291621","3700","4/30/2015","2:22pm"
"267","GE","27.205","25586101","121184","4/30/2015","2:22pm"
"268","S","5.115","9000961","19450","4/30/2015","2:22pm"
"269","BAC","15.975","48511110","356864","4/30/2015","2:22pm"
"270","MSFT","49.105","42291541","250644","4/30/2015","2:22pm"
"271","AMZN","422.881","2015202","9781","4/30/2015","2:23pm"
"272","AAPL","125.410","56574976","187654","4/30/2015","2:23pm"
"273","FB","79.100","15447383","164821","4/30/2015","2:23pm"
"274","GOOG","538.960","1200702","6236","4/30/2015","2:23pm"
"275","YHOO","42.620","7348878","83782","4/30/2015","2:23pm"
"276","SIRI","3.930","22320921","29300","4/30/2015","2:23pm"
"277","GE","27.200","25687214","101113","4/30/2015","2:23pm"
"278","S","5.110","9009639","8678","4/30/2015","2:23pm"
"279","BAC","15.970","48586719","75609","4/30/2015","2:23pm"
"280","MSFT","49.080","42554483","262942","4/30/2015","2:23pm"
"281","AMZN","422.680","2019557","4355","4/30/2015","2:24pm"
"282","AAPL","125.360","56684936","109960","4/30/2015","2:24pm"
"283","FB","78.960","15730371","282988","4/30/2015","2:24pm"
"284","GOOG","538.790","1210444","9742","4/30/2015","2:24pm"
"285","YHOO","42.580","7417920","69042","4/30/2015","2:24pm"
"286","SIRI","3.930","23617118","1296197","4/30/2015","2:24pm"
"287","GE","27.180","25748978","61764","4/30/2015","2:24pm"
"288","S","5.115","9019842","10203","4/30/2015","2:24pm"
"289","BAC","15.960","48708416","121697","4/30/2015","2:24pm"
"290","MSFT","49.050","42639271","84788","4/30/2015","2:24pm"
"291","AMZN","422.480","2031483","11926","4/30/2015","2:25pm"
"292","AAPL","125.340","56978817","293881","4/30/2015","2:25pm"
"293","FB","78.970","15975900","245529","4/30/2015","2:25pm"
"294","GOOG","538.920","1234637","24193","4/30/2015","2:25pm"
"295","YHOO","42.600","7586141","168221","4/30/2015","2:25pm"
"296","SIRI","3.920","23796686","179568","4/30/2015","2:25pm"
"297","GE","27.165","25942511","193533","4/30/2015","2:25pm"
"298","S","5.110","9046030","26188","4/30/2015","2:25pm"
"299","BAC","15.945","49050965","342549","4/30/2015","2:25pm"
"300","MSFT","49.050","42947844","308573","4/30/2015","2:25pm"
"301","AMZN","422.450","2032769","1286","4/30/2015","2:26pm"
"302","AAPL","125.320","57116546","137729","4/30/2015","2:26pm"
"303","FB","78.985","16049178","73278","4/30/2015","2:26pm"
"304","GOOG","538.750","1236813","2176","4/30/2015","2:26pm"
"305","YHOO","42.585","7622984","36843","4/30/2015","2:26pm"
"306","SIRI","3.920","23842086","45400","4/30/2015","2:26pm"
"307","GE","27.160","25988438","45927","4/30/2015","2:26pm"
"308","S","5.110","9058491","12461","4/30/2015","2:26pm"
"309","BAC","15.935","49276853","225888","4/30/2015","2:26pm"
"310","MSFT","49.020","42996479","48635","4/30/2015","2:26pm"
"311","AMZN","422.729","2041682","8913","4/30/2015","2:27pm"
"312","AAPL","125.305","57213304","96758","4/30/2015","2:27pm"
"313","FB","78.960","16083165","33987","4/30/2015","2:27pm"
"314","GOOG","538.590","1237598","785","4/30/2015","2:27pm"
"315","YHOO","42.590","7683132","60148","4/30/2015","2:27pm"
"316","SIRI","3.920","23925486","83400","4/30/2015","2:27pm"
"317","GE","27.160","26001209","12771","4/30/2015","2:27pm"
"318","S","5.115","9068585","10094","4/30/2015","2:27pm"
"319","BAC","15.935","49308332","31479","4/30/2015","2:27pm"
"320","MSFT","49.020","43060844","64365","4/30/2015","2:27pm"
"321","AMZN","422.590","2046837","5155","4/30/2015","2:28pm"
"322","AAPL","125.370","57306481","93177","4/30/2015","2:28pm"
"323","FB","78.960","16134520","51355","4/30/2015","2:28pm"
"324","GOOG","538.434","1239267","1669","4/30/2015","2:28pm"
"325","YHOO","42.580","7716719","33587","4/30/2015","2:28pm"
"326","SIRI","3.915","24366804","441318","4/30/2015","2:28pm"
"327","GE","27.165","26080448","79239","4/30/2015","2:28pm"
"328","S","5.120","9090543","21958","4/30/2015","2:28pm"
"329","BAC","15.930","49331522","23190","4/30/2015","2:28pm"
"330","MSFT","49.010","43154045","93201","4/30/2015","2:28pm"
"331","AMZN","422.220","2060039","13202","4/30/2015","2:29pm"
"332","AAPL","125.330","57413820","107339","4/30/2015","2:29pm"
"333","FB","78.900","16180617","46097","4/30/2015","2:29pm"
"334","GOOG","538.340","1241322","2055","4/30/2015","2:29pm"
"335","YHOO","42.570","7733031","16312","4/30/2015","2:29pm"
"336","SIRI","3.910","24382304","15500","4/30/2015","2:29pm"
"337","GE","27.165","26144884","64436","4/30/2015","2:29pm"
"338","S","5.120","9099843","9300","4/30/2015","2:29pm"
"339","BAC","15.912","49842612","511090","4/30/2015","2:29pm"
"340","MSFT","48.975","43234896","80851","4/30/2015","2:29pm"
"341","AMZN","422.062","2071446","11407","4/30/2015","2:30pm"
"342","AAPL","125.190","57767245","353425","4/30/2015","2:30pm"
"343","FB","78.805","16274132","93515","4/30/2015","2:30pm"
"344","GOOG","537.573","1250910","9588","4/30/2015","2:30pm"
"345","YHOO","42.540","7752273","19242","4/30/2015","2:30pm"
"346","SIRI","3.920","24433708","51404","4/30/2015","2:30pm"
"347","GE","27.170","26298474","153590","4/30/2015","2:30pm"
"348","S","5.115","9128217","28374","4/30/2015","2:30pm"
"349","BAC","15.900","49987722","145110","4/30/2015","2:30pm"
"350","MSFT","48.935","43350349","115453","4/30/2015","2:30pm"
"351","AMZN","421.670","2096125","24679","4/30/2015","2:31pm"
"352","AAPL","125.130","58238052","470807","4/30/2015","2:31pm"
"353","FB","78.760","16346153","72021","4/30/2015","2:31pm"
"354","GOOG","536.940","1258601","7691","4/30/2015","2:31pm"
"355","YHOO","42.540","7799612","47339","4/30/2015","2:31pm"
"356","SIRI","3.910","24479861","46153","4/30/2015","2:31pm"
"357","GE","27.180","26469599","171125","4/30/2015","2:31pm"
"358","S","5.100","9158810","30593","4/30/2015","2:31pm"
"359","BAC","15.880","50455527","467805","4/30/2015","2:31pm"
"360","MSFT","48.921","43485101","134752","4/30/2015","2:31pm"
"361","AMZN","421.765","2107873","11748","4/30/2015","2:32pm"
"362","AAPL","125.130","58412358","174306","4/30/2015","2:32pm"
"363","FB","78.789","16487762","141609","4/30/2015","2:32pm"
"364","GOOG","537.130","1262504","3903","4/30/2015","2:32pm"
"365","YHOO","42.540","7856268","56656","4/30/2015","2:32pm"
"366","SIRI","3.920","24484261","4400","4/30/2015","2:32pm"
"367","GE","27.185","26570481","100882","4/30/2015","2:32pm"
"368","S","5.100","9177155","18345","4/30/2015","2:32pm"
"369","BAC","15.900","50823681","368154","4/30/2015","2:32pm"
"370","MSFT","48.930","43601994","116893","4/30/2015","2:32pm"
"371","AMZN","421.970","2115093","7220","4/30/2015","2:33pm"
"372","AAPL","125.130","58534371","122013","4/30/2015","2:33pm"
"373","FB","78.821","16594387","106625","4/30/2015","2:33pm"
"374","GOOG","537.255","1262695","191","4/30/2015","2:33pm"
"375","YHOO","42.540","7883145","26877","4/30/2015","2:33pm"
"376","SIRI","3.910","24522417","38156","4/30/2015","2:33pm"
"377","GE","27.190","26634926","64445","4/30/2015","2:33pm"
"378","S","5.105","9184632","7477","4/30/2015","2:33pm"
"379","BAC","15.900","50908848","85167","4/30/2015","2:33pm"
"380","MSFT","48.950","43637585","35591","4/30/2015","2:33pm"
"381","AMZN","422.320","2124960","9867","4/30/2015","2:34pm"
"382","AAPL","125.210","58684586","150215","4/30/2015","2:34pm"
"383","FB","78.800","16636741","42354","4/30/2015","2:34pm"
"384","GOOG","537.010","1265378","2683","4/30/2015","2:34pm"
"385","YHOO","42.565","7903773","20628","4/30/2015","2:34pm"
"386","SIRI","3.920","24532217","9800","4/30/2015","2:34pm"
"387","GE","27.195","26679548","44622","4/30/2015","2:34pm"
"388","S","5.120","9337674","153042","4/30/2015","2:34pm"
"389","BAC","15.910","51191286","282438","4/30/2015","2:34pm"
"390","MSFT","48.925","43704006","66421","4/30/2015","2:34pm"
"391","AMZN","422.240","2128792","3832","4/30/2015","2:35pm"
"392","AAPL","125.230","58826509","141923","4/30/2015","2:35pm"
"393","FB","78.777","16730372","93631","4/30/2015","2:35pm"
"394","GOOG","537.950","1269359","3981","4/30/2015","2:35pm"
"395","YHOO","42.600","7928060","24287","4/30/2015","2:35pm"
"396","SIRI","3.915","24576217","44000","4/30/2015","2:35pm"
"397","GE","27.210","26712205","32657","4/30/2015","2:35pm"
"398","S","5.120","9350180","12506","4/30/2015","2:35pm"
"399","BAC","15.915","51221861","30575","4/30/2015","2:35pm"
"400","MSFT","48.940","43822755","118749","4/30/2015","2:35pm"
"401","AMZN","422.350","2130435","1643","4/30/2015","2:36pm"
"402","AAPL","125.320","58971133","144624","4/30/2015","2:36pm"
"403","FB","78.830","16806727","76355","4/30/2015","2:36pm"
"404","GOOG","537.840","1273495","4136","4/30/2015","2:36pm"
"405","YHOO","42.580","7930564","2504","4/30/2015","2:36pm"
"406","SIRI","3.915","24602317","26100","4/30/2015","2:36pm"
"407","GE","27.200","26733181","20976","4/30/2015","2:36pm"
"408","S","5.130","9411614","61434","4/30/2015","2:36pm"
"409","BAC","15.919","51269897","48036","4/30/2015","2:36pm"
"410","MSFT","48.980","43921779","99024","4/30/2015","2:36pm"
"411","AMZN","422.600","2136320","5885","4/30/2015","2:37pm"
"412","AAPL","125.380","59116312","145179","4/30/2015","2:37pm"
"413","FB","78.835","16861988","55261","4/30/2015","2:37pm"
"414","GOOG","537.740","1282944","9449","4/30/2015","2:37pm"
"415","YHOO","42.548","7960869","30305","4/30/2015","2:37pm"
"416","SIRI","3.920","25039886","437569","4/30/2015","2:37pm"
"417","GE","27.180","26803567","70386","4/30/2015","2:37pm"
"418","S","5.130","9411618","4","4/30/2015","2:36pm"
"419","BAC","15.915","51295410","25513","4/30/2015","2:37pm"
"420","MSFT","48.920","43966943","45164","4/30/2015","2:37pm"
"421","AMZN","422.865","2144385","8065","4/30/2015","2:38pm"
"422","AAPL","125.409","59230066","113754","4/30/2015","2:38pm"
"423","FB","78.825","16952797","90809","4/30/2015","2:38pm"
"424","GOOG","538.187","1284702","1758","4/30/2015","2:38pm"
"425","YHOO","42.590","7991657","30788","4/30/2015","2:38pm"
"426","SIRI","3.925","25053186","13300","4/30/2015","2:38pm"
"427","GE","27.200","26843931","40364","4/30/2015","2:38pm"
"428","S","5.120","9440326","28708","4/30/2015","2:38pm"
"429","BAC","15.910","51388474","93064","4/30/2015","2:38pm"
"430","MSFT","48.960","44035481","68538","4/30/2015","2:38pm"
"431","AMZN","422.890","2154668","10283","4/30/2015","2:39pm"
"432","AAPL","125.420","59347735","117669","4/30/2015","2:39pm"
"433","FB","78.790","17084288","131491","4/30/2015","2:39pm"
"434","GOOG","538.055","1287089","2387","4/30/2015","2:39pm"
"435","YHOO","42.610","8033329","41672","4/30/2015","2:39pm"
"436","SIRI","3.925","25054418","1232","4/30/2015","2:39pm"
"437","GE","27.190","26869747","25816","4/30/2015","2:39pm"
"438","S","5.120","9441608","1282","4/30/2015","2:39pm"
"439","BAC","15.925","51473074","84600","4/30/2015","2:39pm"
"440","MSFT","48.980","44084805","49324","4/30/2015","2:39pm"
"441","AMZN","423.000","2161772","7104","4/30/2015","2:40pm"
"442","AAPL","125.450","59434094","86359","4/30/2015","2:40pm"
"443","FB","78.795","17169595","85307","4/30/2015","2:40pm"
"444","GOOG","538.250","1288359","1270","4/30/2015","2:40pm"
"445","YHOO","42.620","8065740","32411","4/30/2015","2:40pm"
"446","SIRI","3.925","25070816","16398","4/30/2015","2:40pm"
"447","GE","27.195","26883532","13785","4/30/2015","2:40pm"
"448","S","5.105","9550769","109161","4/30/2015","2:40pm"
"449","BAC","15.930","51519815","46741","4/30/2015","2:40pm"
"450","MSFT","49.000","44161221","76416","4/30/2015","2:40pm"
"451","AMZN","422.970","2167609","5837","4/30/2015","2:41pm"
"452","AAPL","125.397","59512773","78679","4/30/2015","2:41pm"
"453","FB","78.770","17229285","59690","4/30/2015","2:41pm"
"454","GOOG","538.390","1290780","2421","4/30/2015","2:41pm"
"455","YHOO","42.590","8101810","36070","4/30/2015","2:41pm"
"456","SIRI","3.925","25074041","3225","4/30/2015","2:41pm"
"457","GE","27.180","26934633","51101","4/30/2015","2:41pm"
"458","S","5.108","9569269","18500","4/30/2015","2:41pm"
"459","BAC","15.922","51695529","175714","4/30/2015","2:41pm"
"460","MSFT","49.000","44243607","82386","4/30/2015","2:41pm"
"461","AMZN","422.910","2169272","1663","4/30/2015","2:42pm"
"462","AAPL","125.360","59562076","49303","4/30/2015","2:42pm"
"463","FB","78.760","17301330","72045","4/30/2015","2:42pm"
"464","GOOG","538.070","1291964","1184","4/30/2015","2:42pm"
"465","YHOO","42.590","8108765","6955","4/30/2015","2:42pm"
"466","SIRI","3.920","25090801","16760","4/30/2015","2:42pm"
"467","GE","27.180","26955456","20823","4/30/2015","2:42pm"
"468","S","5.110","9572769","3500","4/30/2015","2:42pm"
"469","BAC","15.925","51749650","54121","4/30/2015","2:42pm"
"470","MSFT","49.005","44300743","57136","4/30/2015","2:42pm"
"471","AMZN","422.735","2172015","2743","4/30/2015","2:43pm"
"472","AAPL","125.420","59701580","139504","4/30/2015","2:43pm"
"473","FB","78.760","17361986","60656","4/30/2015","2:43pm"
"474","GOOG","537.820","1292799","835","4/30/2015","2:42pm"
"475","YHOO","42.590","8132173","23408","4/30/2015","2:43pm"
"476","SIRI","3.925","25159631","68830","4/30/2015","2:43pm"
"477","GE","27.179","27003057","47601","4/30/2015","2:43pm"
"478","S","5.105","9577969","5200","4/30/2015","2:43pm"
"479","BAC","15.930","51781389","31739","4/30/2015","2:43pm"
"480","MSFT","49.001","44427119","126376","4/30/2015","2:43pm"
"481","AMZN","422.700","2177158","5143","4/30/2015","2:44pm"
"482","AAPL","125.340","59813283","111703","4/30/2015","2:44pm"
"483","FB","78.730","17391790","29804","4/30/2015","2:44pm"
"484","GOOG","537.500","1294598","1799","4/30/2015","2:44pm"
"485","YHOO","42.550","8147861","15688","4/30/2015","2:44pm"
"486","SIRI","3.920","25185931","26300","4/30/2015","2:44pm"
"487","GE","27.170","27060393","57336","4/30/2015","2:44pm"
"488","S","5.110","9629999","52030","4/30/2015","2:44pm"
"489","BAC","15.930","51813052","31663","4/30/2015","2:44pm"
"490","MSFT","49.000","44579154","152035","4/30/2015","2:44pm"
"491","AMZN","422.680","2182507","5349","4/30/2015","2:45pm"
"492","AAPL","125.427","59889780","76497","4/30/2015","2:45pm"
"493","FB","78.754","17465749","73959","4/30/2015","2:45pm"
"494","GOOG","537.750","1296098","1500","4/30/2015","2:45pm"
"495","YHOO","42.580","8173141","25280","4/30/2015","2:45pm"
"496","SIRI","3.925","25194831","8900","4/30/2015","2:45pm"
"497","GE","27.170","27103758","43365","4/30/2015","2:45pm"
"498","S","5.120","9702628","72629","4/30/2015","2:45pm"
"499","BAC","15.935","51918133","105081","4/30/2015","2:45pm"
"500","MSFT","49.000","44653331","74177","4/30/2015","2:45pm"
"501","AMZN","422.560","2185568","3061","4/30/2015","2:46pm"
"502","AAPL","125.385","59979552","89772","4/30/2015","2:46pm"
"503","FB","78.571","17663877","198128","4/30/2015","2:46pm"
"504","GOOG","537.620","1298680","2582","4/30/2015","2:46pm"
"505","YHOO","42.600","8325402","152261","4/30/2015","2:46pm"
"506","SIRI","3.920","25233031","38200","4/30/2015","2:46pm"
"507","GE","27.155","27176720","72962","4/30/2015","2:46pm"
"508","S","5.115","9710248","7620","4/30/2015","2:46pm"
"509","BAC","15.930","52144707","226574","4/30/2015","2:46pm"
"510","MSFT","48.960","44761418","108087","4/30/2015","2:46pm"
"511","AMZN","422.430","2199384","13816","4/30/2015","2:47pm"
"512","AAPL","125.380","60037215","57663","4/30/2015","2:47pm"
"513","FB","78.650","17844839","180962","4/30/2015","2:47pm"
"514","GOOG","537.345","1301796","3116","4/30/2015","2:47pm"
"515","YHOO","42.550","8398384","72982","4/30/2015","2:47pm"
"516","SIRI","3.920","25270669","37638","4/30/2015","2:47pm"
"517","GE","27.155","27295792","119072","4/30/2015","2:47pm"
"518","S","5.110","9766083","55835","4/30/2015","2:47pm"
"519","BAC","15.920","52151998","7291","4/30/2015","2:47pm"
"520","MSFT","48.960","44869412","107994","4/30/2015","2:47pm"
"521","AMZN","422.565","2203350","3966","4/30/2015","2:48pm"
"522","AAPL","125.300","60155757","118542","4/30/2015","2:48pm"
"523","FB","78.600","17958024","113185","4/30/2015","2:48pm"
"524","GOOG","537.740","1314935","13139","4/30/2015","2:48pm"
"525","YHOO","42.530","8412973","14589","4/30/2015","2:48pm"
"526","SIRI","3.925","25296329","25660","4/30/2015","2:48pm"
"527","GE","27.150","27343937","48145","4/30/2015","2:48pm"
"528","S","5.095","10030827","264744","4/30/2015","2:48pm"
"529","BAC","15.928","52173710","21712","4/30/2015","2:48pm"
"530","MSFT","48.940","44945967","76555","4/30/2015","2:48pm"
"531","AMZN","422.330","2207880","4530","4/30/2015","2:49pm"
"532","AAPL","125.290","60282572","126815","4/30/2015","2:49pm"
"533","FB","78.590","18051931","93907","4/30/2015","2:49pm"
"534","GOOG","538.100","1317305","2370","4/30/2015","2:49pm"
"535","YHOO","42.520","8462615","49642","4/30/2015","2:49pm"
"536","SIRI","3.920","25941016","644687","4/30/2015","2:49pm"
"537","GE","27.140","27558518","214581","4/30/2015","2:49pm"
"538","S","5.100","10043127","12300","4/30/2015","2:49pm"
"539","BAC","15.910","52649117","475407","4/30/2015","2:49pm"
"540","MSFT","48.980","45114181","168214","4/30/2015","2:49pm"
"541","AMZN","422.285","2212306","4426","4/30/2015","2:50pm"
"542","AAPL","125.267","60367079","84507","4/30/2015","2:50pm"
"543","FB","78.490","18259159","207228","4/30/2015","2:50pm"
"544","GOOG","538.060","1317983","678","4/30/2015","2:50pm"
"545","YHOO","42.480","8515483","52868","4/30/2015","2:50pm"
"546","SIRI","3.920","25966402","25386","4/30/2015","2:50pm"
"547","GE","27.117","27599394","40876","4/30/2015","2:50pm"
"548","S","5.110","10143645","100518","4/30/2015","2:50pm"
"549","BAC","15.900","52771166","122049","4/30/2015","2:50pm"
"550","MSFT","48.955","45205070","90889","4/30/2015","2:50pm"
"551","AMZN","422.220","2215901","3595","4/30/2015","2:51pm"
"552","AAPL","125.265","60462774","95695","4/30/2015","2:51pm"
"553","FB","78.486","18358067","98908","4/30/2015","2:51pm"
"554","GOOG","537.770","1321393","3410","4/30/2015","2:51pm"
"555","YHOO","42.510","8540799","25316","4/30/2015","2:51pm"
"556","SIRI","3.920","25972827","6425","4/30/2015","2:51pm"
"557","GE","27.115","27715516","116122","4/30/2015","2:51pm"
"558","S","5.110","10154273","10628","4/30/2015","2:51pm"
"559","BAC","15.900","52846018","74852","4/30/2015","2:51pm"
"560","MSFT","48.955","45272740","67670","4/30/2015","2:51pm"
"561","AMZN","422.310","2223378","7477","4/30/2015","2:52pm"
"562","AAPL","125.380","60562124","99350","4/30/2015","2:52pm"
"563","FB","78.595","18443214","85147","4/30/2015","2:52pm"
"564","GOOG","537.820","1323842","2449","4/30/2015","2:52pm"
"565","YHOO","42.540","8590976","50177","4/30/2015","2:52pm"
"566","SIRI","3.910","25980127","7300","4/30/2015","2:52pm"
"567","GE","27.130","27857117","141601","4/30/2015","2:52pm"
"568","S","5.095","10201589","47316","4/30/2015","2:52pm"
"569","BAC","15.916","52987458","141440","4/30/2015","2:52pm"
"570","MSFT","48.962","45349979","77239","4/30/2015","2:52pm"
"571","AMZN","422.040","2241576","18198","4/30/2015","2:53pm"
"572","AAPL","125.385","60687991","125867","4/30/2015","2:53pm"
"573","FB","78.580","18569913","126699","4/30/2015","2:53pm"
"574","GOOG","538.200","1324400","558","4/30/2015","2:53pm"
"575","YHOO","42.530","8608856","17880","4/30/2015","2:53pm"
"576","SIRI","3.910","26029589","49462","4/30/2015","2:53pm"
"577","GE","27.110","27962422","105305","4/30/2015","2:53pm"
"578","S","5.100","10212392","10803","4/30/2015","2:53pm"
"579","BAC","15.910","52995364","7906","4/30/2015","2:53pm"
"580","MSFT","48.965","45432605","82626","4/30/2015","2:53pm"
"581","AMZN","421.970","2259755","18179","4/30/2015","2:54pm"
"582","AAPL","125.390","60783013","95022","4/30/2015","2:54pm"
"583","FB","78.570","18657573","87660","4/30/2015","2:54pm"
"584","GOOG","537.870","1327509","3109","4/30/2015","2:54pm"
"585","YHOO","42.520","8633932","25076","4/30/2015","2:54pm"
"586","SIRI","3.915","26045789","16200","4/30/2015","2:54pm"
"587","GE","27.100","28040169","77747","4/30/2015","2:54pm"
"588","S","5.090","10277228","64836","4/30/2015","2:54pm"
"589","BAC","15.915","53019752","24388","4/30/2015","2:54pm"
"590","MSFT","48.970","45510078","77473","4/30/2015","2:54pm"
"591","AMZN","422.070","2274032","14277","4/30/2015","2:55pm"
"592","AAPL","125.310","60873048","90035","4/30/2015","2:55pm"
"593","FB","78.600","18985302","327729","4/30/2015","2:55pm"
"594","GOOG","537.500","1333373","5864","4/30/2015","2:55pm"
"595","YHOO","42.490","8684601","50669","4/30/2015","2:55pm"
"596","SIRI","3.915","26133789","88000","4/30/2015","2:55pm"
"597","GE","27.063","28158212","118043","4/30/2015","2:55pm"
"598","S","5.080","10282538","5310","4/30/2015","2:55pm"
"599","BAC","15.895","53451553","431801","4/30/2015","2:55pm"
"600","MSFT","48.940","45632465","122387","4/30/2015","2:55pm"
"601","AMZN","421.950","2286140","12108","4/30/2015","2:56pm"
"602","AAPL","125.299","60958827","85779","4/30/2015","2:56pm"
"603","FB","78.720","19149345","164043","4/30/2015","2:56pm"
"604","GOOG","537.930","1337250","3877","4/30/2015","2:56pm"
"605","YHOO","42.470","8711434","26833","4/30/2015","2:56pm"
"606","SIRI","3.915","26152704","18915","4/30/2015","2:56pm"
"607","GE","27.055","28304289","146077","4/30/2015","2:56pm"
"608","S","5.080","10293898","11360","4/30/2015","2:56pm"
"609","BAC","15.895","53575807","124254","4/30/2015","2:56pm"
"610","MSFT","48.945","45750858","118393","4/30/2015","2:56pm"
"611","AMZN","421.750","2305846","19706","4/30/2015","2:57pm"
"612","AAPL","125.210","61066982","108155","4/30/2015","2:57pm"
"613","FB","78.710","19267393","118048","4/30/2015","2:57pm"
"614","GOOG","537.990","1340723","3473","4/30/2015","2:57pm"
"615","YHOO","42.460","8757272","45838","4/30/2015","2:57pm"
"616","SIRI","3.910","26211754","59050","4/30/2015","2:57pm"
"617","GE","27.055","28451548","147259","4/30/2015","2:57pm"
"618","S","5.080","10308245","14347","4/30/2015","2:57pm"
"619","BAC","15.895","53663895","88088","4/30/2015","2:57pm"
"620","MSFT","48.935","45894902","144044","4/30/2015","2:57pm"
"621","AMZN","421.290","2316616","10770","4/30/2015","2:58pm"
"622","AAPL","125.140","61211465","144483","4/30/2015","2:58pm"
"623","FB","78.620","19348829","81436","4/30/2015","2:58pm"
"624","GOOG","537.648","1344701","3978","4/30/2015","2:58pm"
"625","YHOO","42.470","8876081","118809","4/30/2015","2:58pm"
"626","SIRI","3.910","26240679","28925","4/30/2015","2:58pm"
"627","GE","27.045","28607663","156115","4/30/2015","2:58pm"
"628","S","5.070","10443137","134892","4/30/2015","2:58pm"
"629","BAC","15.890","53864250","200355","4/30/2015","2:58pm"
"630","MSFT","48.910","46035520","140618","4/30/2015","2:58pm"
"631","AMZN","421.340","2330592","13976","4/30/2015","2:59pm"
"632","AAPL","125.160","61364037","152572","4/30/2015","2:59pm"
"633","FB","78.570","19433922","85093","4/30/2015","2:59pm"
"634","GOOG","537.860","1348689","3988","4/30/2015","2:59pm"
"635","YHOO","42.471","8881593","5512","4/30/2015","2:59pm"
"636","SIRI","3.910","26283479","42800","4/30/2015","2:59pm"
"637","GE","27.040","28679889","72226","4/30/2015","2:59pm"
"638","S","5.070","10595784","152647","4/30/2015","2:59pm"
"639","BAC","15.880","53878775","14525","4/30/2015","2:59pm"
"640","MSFT","48.890","46183096","147576","4/30/2015","2:59pm"
"641","AMZN","420.962","2357187","26595","4/30/2015","3:00pm"
"642","AAPL","125.070","61517897","153860","4/30/2015","3:00pm"
"643","FB","78.505","19508243","74321","4/30/2015","3:00pm"
"644","GOOG","537.810","1353009","4320","4/30/2015","3:00pm"
"645","YHOO","42.460","8931048","49455","4/30/2015","3:00pm"
"646","SIRI","3.910","26306583","23104","4/30/2015","3:00pm"
"647","GE","27.040","28874570","194681","4/30/2015","3:00pm"
"648","S","5.080","10686034","90250","4/30/2015","3:00pm"
"649","BAC","15.860","54336148","457373","4/30/2015","3:00pm"
"650","MSFT","48.840","46287965","104869","4/30/2015","3:00pm"
"651","AMZN","420.500","2372407","15220","4/30/2015","3:01pm"
"652","AAPL","124.960","62793528","1275631","4/30/2015","3:01pm"
"653","FB","78.453","19808762","300519","4/30/2015","3:01pm"
"654","GOOG","537.260","1360053","7044","4/30/2015","3:01pm"
"655","YHOO","42.450","8983716","52668","4/30/2015","3:01pm"
"656","SIRI","3.915","26318968","12385","4/30/2015","3:01pm"
"657","GE","27.010","29031115","156545","4/30/2015","3:01pm"
"658","S","5.080","10687384","1350","4/30/2015","3:01pm"
"659","BAC","15.850","54816043","479895","4/30/2015","3:01pm"
"660","MSFT","48.840","46493367","205402","4/30/2015","3:01pm"
"661","AMZN","420.352","2385879","13472","4/30/2015","3:02pm"
"662","AAPL","125.070","63075367","281839","4/30/2015","3:02pm"
"663","FB","78.530","19863661","54899","4/30/2015","3:02pm"
"664","GOOG","537.480","1366315","6262","4/30/2015","3:02pm"
"665","YHOO","42.450","9008575","24859","4/30/2015","3:02pm"
"666","SIRI","3.920","26395358","76390","4/30/2015","3:02pm"
"667","GE","27.025","29166681","135566","4/30/2015","3:02pm"
"668","S","5.080","10709784","22400","4/30/2015","3:02pm"
"669","BAC","15.855","54950130","134087","4/30/2015","3:02pm"
"670","MSFT","48.850","46684101","190734","4/30/2015","3:02pm"
"671","AMZN","419.890","2403960","18081","4/30/2015","3:03pm"
"672","AAPL","124.890","63309705","234338","4/30/2015","3:03pm"
"673","FB","78.455","19951578","87917","4/30/2015","3:03pm"
"674","GOOG","537.310","1374636","8321","4/30/2015","3:03pm"
"675","YHOO","42.420","9073074","64499","4/30/2015","3:03pm"
"676","SIRI","3.905","27106505","711147","4/30/2015","3:03pm"
"677","GE","27.010","29495668","328987","4/30/2015","3:03pm"
"678","S","5.080","10724884","15100","4/30/2015","3:03pm"
"679","BAC","15.835","55420730","470600","4/30/2015","3:03pm"
"680","MSFT","48.810","46956925","272824","4/30/2015","3:03pm"
"681","AMZN","420.300","2415885","11925","4/30/2015","3:04pm"
"682","AAPL","124.970","63572857","263152","4/30/2015","3:04pm"
"683","FB","78.540","20084066","132488","4/30/2015","3:04pm"
"684","GOOG","537.500","1377956","3320","4/30/2015","3:04pm"
"685","YHOO","42.425","9101492","28418","4/30/2015","3:04pm"
"686","SIRI","3.900","27150172","43667","4/30/2015","3:04pm"
"687","GE","27.060","29747619","251951","4/30/2015","3:04pm"
"688","S","5.080","10736064","11180","4/30/2015","3:04pm"
"689","BAC","15.840","55713818","293088","4/30/2015","3:04pm"
"690","MSFT","48.870","47061151","104226","4/30/2015","3:04pm"
"691","AMZN","420.241","2433026","17141","4/30/2015","3:05pm"
"692","AAPL","124.935","63718366","145509","4/30/2015","3:05pm"
"693","FB","78.520","20165370","81304","4/30/2015","3:05pm"
"694","GOOG","537.210","1380973","3017","4/30/2015","3:05pm"
"695","YHOO","42.390","9116527","15035","4/30/2015","3:05pm"
"696","SIRI","3.905","27182165","31993","4/30/2015","3:05pm"
"697","GE","27.080","29900436","152817","4/30/2015","3:05pm"
"698","S","5.075","10739732","3668","4/30/2015","3:05pm"
"699","BAC","15.840","55866616","152798","4/30/2015","3:05pm"
"700","MSFT","48.860","47152806","91655","4/30/2015","3:05pm"
"701","AMZN","420.340","2438165","5139","4/30/2015","3:06pm"
"702","AAPL","125.104","63904748","186382","4/30/2015","3:06pm"
"703","FB","78.639","20305897","140527","4/30/2015","3:06pm"
"704","GOOG","537.380","1384622","3649","4/30/2015","3:06pm"
"705","YHOO","42.390","9160453","43926","4/30/2015","3:06pm"
"706","SIRI","3.905","27202721","20556","4/30/2015","3:06pm"
"707","GE","27.095","29981119","80683","4/30/2015","3:06pm"
"708","S","5.080","10785516","45784","4/30/2015","3:06pm"
"709","BAC","15.850","55997551","130935","4/30/2015","3:06pm"
"710","MSFT","48.875","47212634","59828","4/30/2015","3:06pm"
"711","AMZN","420.210","2445066","6901","4/30/2015","3:07pm"
"712","AAPL","125.027","64095095","190347","4/30/2015","3:07pm"
"713","FB","78.550","20345890","39993","4/30/2015","3:07pm"
"714","GOOG","537.200","1388183","3561","4/30/2015","3:07pm"
"715","YHOO","42.370","9185630","25177","4/30/2015","3:07pm"
"716","SIRI","3.905","27215463","12742","4/30/2015","3:07pm"
"717","GE","27.050","30100605","119486","4/30/2015","3:07pm"
"718","S","5.080","10801276","15760","4/30/2015","3:07pm"
"719","BAC","15.855","56135609","138058","4/30/2015","3:07pm"
"720","MSFT","48.874","47295376","82742","4/30/2015","3:07pm"
"721","AMZN","420.030","2449643","4577","4/30/2015","3:08pm"
"722","AAPL","125.086","64211124","116029","4/30/2015","3:08pm"
"723","FB","78.570","20409935","64045","4/30/2015","3:08pm"
"724","GOOG","537.200","1390661","2478","4/30/2015","3:08pm"
"725","YHOO","42.370","9230551","44921","4/30/2015","3:08pm"
"726","SIRI","3.910","27231883","16420","4/30/2015","3:08pm"
"727","GE","27.060","30172093","71488","4/30/2015","3:08pm"
"728","S","5.080","10845483","44207","4/30/2015","3:08pm"
"729","BAC","15.855","56261145","125536","4/30/2015","3:08pm"
"730","MSFT","48.875","47374589","79213","4/30/2015","3:08pm"
"731","AMZN","419.820","2468882","19239","4/30/2015","3:09pm"
"732","AAPL","124.926","64366667","155543","4/30/2015","3:09pm"
"733","FB","78.515","20478184","68249","4/30/2015","3:09pm"
"734","GOOG","537.010","1402151","11490","4/30/2015","3:09pm"
"735","YHOO","42.340","9266883","36332","4/30/2015","3:09pm"
"736","SIRI","3.905","27298653","66770","4/30/2015","3:09pm"
"737","GE","27.045","30258245","86152","4/30/2015","3:09pm"
"738","S","5.075","10858833","13350","4/30/2015","3:09pm"
"739","BAC","15.845","56425275","164130","4/30/2015","3:09pm"
"740","MSFT","48.800","47552270","177681","4/30/2015","3:09pm"
"741","AMZN","419.580","2495718","26836","4/30/2015","3:10pm"
"742","AAPL","124.870","64622877","256210","4/30/2015","3:11pm"
"743","FB","78.445","20582294","104110","4/30/2015","3:11pm"
"744","GOOG","536.620","1407162","5011","4/30/2015","3:10pm"
"745","YHOO","42.340","9321911","55028","4/30/2015","3:11pm"
"746","SIRI","3.905","27327182","28529","4/30/2015","3:11pm"
"747","GE","27.030","30429486","171241","4/30/2015","3:11pm"
"748","S","5.070","10864484","5651","4/30/2015","3:10pm"
"749","BAC","15.835","57172507","747232","4/30/2015","3:11pm"
"750","MSFT","48.800","47769522","217252","4/30/2015","3:11pm"
"751","AMZN","419.640","2513360","17642","4/30/2015","3:11pm"
"752","AAPL","124.843","64768738","145861","4/30/2015","3:12pm"
"753","FB","78.430","20658885","76591","4/30/2015","3:11pm"
"754","GOOG","536.850","1410420","3258","4/30/2015","3:11pm"
"755","YHOO","42.320","9354289","32378","4/30/2015","3:11pm"
"756","SIRI","3.905","27450327","123145","4/30/2015","3:12pm"
"757","GE","27.030","30525209","95723","4/30/2015","3:11pm"
"758","S","5.070","10910916","46432","4/30/2015","3:11pm"
"759","BAC","15.840","57465349","292842","4/30/2015","3:12pm"
"760","MSFT","48.790","47842212","72690","4/30/2015","3:12pm"
"761","AMZN","419.585","2524437","11077","4/30/2015","3:13pm"
"762","AAPL","124.720","65314609","545871","4/30/2015","3:13pm"
"763","FB","78.360","20815700","156815","4/30/2015","3:13pm"
"764","GOOG","536.520","1419205","8785","4/30/2015","3:12pm"
"765","YHOO","42.290","9402056","47767","4/30/2015","3:13pm"
"766","SIRI","3.910","27483327","33000","4/30/2015","3:13pm"
"767","GE","27.030","30620537","95328","4/30/2015","3:13pm"
"768","S","5.080","10944810","33894","4/30/2015","3:13pm"
"769","BAC","15.820","58049456","584107","4/30/2015","3:13pm"
"770","MSFT","48.770","47948934","106722","4/30/2015","3:13pm"
"771","AMZN","419.550","2539197","14760","4/30/2015","3:14pm"
"772","AAPL","124.770","65524899","210290","4/30/2015","3:14pm"
"773","FB","78.440","20914429","98729","4/30/2015","3:14pm"
"774","GOOG","536.840","1423148","3943","4/30/2015","3:14pm"
"775","YHOO","42.330","9451549","49493","4/30/2015","3:14pm"
"776","SIRI","3.905","27521598","38271","4/30/2015","3:14pm"
"777","GE","27.045","30679824","59287","4/30/2015","3:14pm"
"778","S","5.080","10956884","12074","4/30/2015","3:14pm"
"779","BAC","15.840","58442611","393155","4/30/2015","3:14pm"
"780","MSFT","48.770","48052732","103798","4/30/2015","3:14pm"
"781","AMZN","419.980","2552561","13364","4/30/2015","3:15pm"
"782","AAPL","124.880","65735018","210119","4/30/2015","3:15pm"
"783","FB","78.500","20978195","63766","4/30/2015","3:15pm"
"784","GOOG","536.750","1424285","1137","4/30/2015","3:14pm"
"785","YHOO","42.340","9469370","17821","4/30/2015","3:15pm"
"786","SIRI","3.910","27544048","22450","4/30/2015","3:15pm"
"787","GE","27.060","30758121","78297","4/30/2015","3:15pm"
"788","S","5.070","10961311","4427","4/30/2015","3:14pm"
"789","BAC","15.840","58583566","140955","4/30/2015","3:15pm"
"790","MSFT","48.780","48140467","87735","4/30/2015","3:15pm"
"791","AMZN","420.150","2567207","14646","4/30/2015","3:16pm"
"792","AAPL","125.070","66088348","353330","4/30/2015","3:16pm"
"793","FB","78.600","21045193","66998","4/30/2015","3:16pm"
"794","GOOG","537.360","1426511","2226","4/30/2015","3:15pm"
"795","YHOO","42.378","9494258","24888","4/30/2015","3:16pm"
"796","SIRI","3.905","27638579","94531","4/30/2015","3:16pm"
"797","GE","27.080","30934494","176373","4/30/2015","3:16pm"
"798","S","5.080","10970711","9400","4/30/2015","3:16pm"
"799","BAC","15.850","58792973","209407","4/30/2015","3:16pm"
"800","MSFT","48.800","48256943","116476","4/30/2015","3:16pm"
"801","AMZN","420.350","2575034","7827","4/30/2015","3:17pm"
"802","AAPL","125.132","66272960","184612","4/30/2015","3:17pm"
"803","FB","78.630","21093146","47953","4/30/2015","3:17pm"
"804","GOOG","537.370","1428875","2364","4/30/2015","3:17pm"
"805","YHOO","42.380","9517834","23576","4/30/2015","3:17pm"
"806","SIRI","3.905","27682973","44394","4/30/2015","3:17pm"
"807","GE","27.100","31032567","98073","4/30/2015","3:17pm"
"808","S","5.075","10990905","20194","4/30/2015","3:17pm"
"809","BAC","15.860","58972900","179927","4/30/2015","3:17pm"
"810","MSFT","48.830","48345900","88957","4/30/2015","3:17pm"
"811","AMZN","420.326","2589195","14161","4/30/2015","3:18pm"
"812","AAPL","125.242","66594566","321606","4/30/2015","3:18pm"
"813","FB","78.660","21143006","49860","4/30/2015","3:18pm"
"814","GOOG","537.500","1431876","3001","4/30/2015","3:17pm"
"815","YHOO","42.400","9535961","18127","4/30/2015","3:18pm"
"816","SIRI","3.905","27704083","21110","4/30/2015","3:18pm"
"817","GE","27.090","31131099","98532","4/30/2015","3:18pm"
"818","S","5.075","11015077","24172","4/30/2015","3:18pm"
"819","BAC","15.870","59173266","200366","4/30/2015","3:18pm"
"820","MSFT","48.820","48406570","60670","4/30/2015","3:18pm"
"821","AMZN","420.000","2600061","10866","4/30/2015","3:18pm"
"822","AAPL","125.160","66903195","308629","4/30/2015","3:19pm"
"823","FB","78.610","21210967","67961","4/30/2015","3:19pm"
"824","GOOG","537.280","1432928","1052","4/30/2015","3:18pm"
"825","YHOO","42.400","9591094","55133","4/30/2015","3:19pm"
"826","SIRI","3.910","28424688","720605","4/30/2015","3:19pm"
"827","GE","27.090","31247883","116784","4/30/2015","3:19pm"
"828","S","5.070","11020927","5850","4/30/2015","3:19pm"
"829","BAC","15.862","60030285","857019","4/30/2015","3:19pm"
"830","MSFT","48.830","48530325","123755","4/30/2015","3:19pm"
"831","AMZN","420.250","2615823","15762","4/30/2015","3:20pm"
"832","AAPL","125.140","67054977","151782","4/30/2015","3:20pm"
"833","FB","78.619","21261199","50232","4/30/2015","3:20pm"
"834","GOOG","537.280","1435328","2400","4/30/2015","3:19pm"
"835","YHOO","42.400","9620701","29607","4/30/2015","3:20pm"
"836","SIRI","3.910","28430355","5667","4/30/2015","3:20pm"
"837","GE","27.100","31342319","94436","4/30/2015","3:20pm"
"838","S","5.075","11036410","15483","4/30/2015","3:19pm"
"839","BAC","15.860","60131515","101230","4/30/2015","3:20pm"
"840","MSFT","48.824","48636368","106043","4/30/2015","3:20pm"
"841","AMZN","420.600","2623138","7315","4/30/2015","3:21pm"
"842","AAPL","125.425","67348414","293437","4/30/2015","3:21pm"
"843","FB","78.608","21324100","62901","4/30/2015","3:21pm"
"844","GOOG","537.670","1436725","1397","4/30/2015","3:21pm"
"845","YHOO","42.430","9652308","31607","4/30/2015","3:21pm"
"846","SIRI","3.910","28550415","120060","4/30/2015","3:21pm"
"847","GE","27.120","31392817","50498","4/30/2015","3:21pm"
"848","S","5.070","11048348","11938","4/30/2015","3:21pm"
"849","BAC","15.880","60304845","173330","4/30/2015","3:21pm"
"850","MSFT","48.850","48732803","96435","4/30/2015","3:21pm"
"851","AMZN","420.640","2649987","26849","4/30/2015","3:22pm"
"852","AAPL","125.297","67567724","219310","4/30/2015","3:22pm"
"853","FB","78.570","21445183","121083","4/30/2015","3:22pm"
"854","GOOG","537.085","1440091","3366","4/30/2015","3:22pm"
"855","YHOO","42.410","9693254","40946","4/30/2015","3:22pm"
"856","SIRI","3.910","28604794","54379","4/30/2015","3:22pm"
"857","GE","27.080","31476794","83977","4/30/2015","3:22pm"
"858","S","5.070","11081370","33022","4/30/2015","3:22pm"
"859","BAC","15.875","60460541","155696","4/30/2015","3:22pm"
"860","MSFT","48.850","48946438","213635","4/30/2015","3:22pm"
"861","AMZN","420.250","2688522","38535","4/30/2015","3:22pm"
"862","AAPL","125.310","67721571","153847","4/30/2015","3:23pm"
"863","FB","78.500","21537547","92364","4/30/2015","3:23pm"
"864","GOOG","537.150","1449678","9587","4/30/2015","3:23pm"
"865","YHOO","42.370","9707162","13908","4/30/2015","3:23pm"
"866","SIRI","3.910","28635211","30417","4/30/2015","3:23pm"
"867","GE","27.070","31553681","76887","4/30/2015","3:23pm"
"868","S","5.070","11091470","10100","4/30/2015","3:23pm"
"869","BAC","15.875","60764064","303523","4/30/2015","3:23pm"
"870","MSFT","48.810","49038643","92205","4/30/2015","3:23pm"
"871","AMZN","420.205","2718468","29946","4/30/2015","3:23pm"
"872","AAPL","125.337","67968036","246465","4/30/2015","3:24pm"
"873","FB","78.495","21636223","98676","4/30/2015","3:24pm"
"874","GOOG","537.180","1450275","597","4/30/2015","3:24pm"
"875","YHOO","42.370","9725183","18021","4/30/2015","3:24pm"
"876","SIRI","3.920","28807252","172041","4/30/2015","3:24pm"
"877","GE","27.090","31784415","230734","4/30/2015","3:24pm"
"878","S","5.070","11099878","8408","4/30/2015","3:24pm"
"879","BAC","15.875","60986023","221959","4/30/2015","3:24pm"
"880","MSFT","48.810","49113243","74600","4/30/2015","3:24pm"
"881","AMZN","420.205","2722869","4401","4/30/2015","3:25pm"
"882","AAPL","125.329","68092103","124067","4/30/2015","3:25pm"
"883","FB","78.495","21681406","45183","4/30/2015","3:25pm"
"884","GOOG","537.015","1454117","3842","4/30/2015","3:25pm"
"885","YHOO","42.390","9778766","53583","4/30/2015","3:25pm"
"886","SIRI","3.915","28933257","126005","4/30/2015","3:25pm"
"887","GE","27.105","31854858","70443","4/30/2015","3:25pm"
"888","S","5.070","11110631","10753","4/30/2015","3:24pm"
"889","BAC","15.870","61065392","79369","4/30/2015","3:25pm"
"890","MSFT","48.840","49160336","47093","4/30/2015","3:25pm"
"891","AMZN","420.120","2740902","18033","4/30/2015","3:26pm"
"892","AAPL","125.211","68256008","163905","4/30/2015","3:26pm"
"893","FB","78.460","21781014","99608","4/30/2015","3:26pm"
"894","GOOG","536.660","1456501","2384","4/30/2015","3:26pm"
"895","YHOO","42.360","9802505","23739","4/30/2015","3:26pm"
"896","SIRI","3.915","28948235","14978","4/30/2015","3:26pm"
"897","GE","27.080","32004387","149529","4/30/2015","3:26pm"
"898","S","5.076","11146905","36274","4/30/2015","3:26pm"
"899","BAC","15.875","61317247","251855","4/30/2015","3:26pm"
"900","MSFT","48.770","49325476","165140","4/30/2015","3:26pm"
"901","AMZN","419.870","2749803","8901","4/30/2015","3:27pm"
"902","AAPL","125.140","68383981","127973","4/30/2015","3:27pm"
"903","FB","78.445","21900092","119078","4/30/2015","3:27pm"
"904","GOOG","536.610","1459744","3243","4/30/2015","3:26pm"
"905","YHOO","42.335","9852423","49918","4/30/2015","3:27pm"
"906","SIRI","3.910","28973439","25204","4/30/2015","3:27pm"
"907","GE","27.070","32079415","75028","4/30/2015","3:27pm"
"908","S","5.075","11155401","8496","4/30/2015","3:27pm"
"909","BAC","15.860","61485112","167865","4/30/2015","3:27pm"
"910","MSFT","48.730","49392768","67292","4/30/2015","3:27pm"
"911","AMZN","419.530","2777655","27852","4/30/2015","3:28pm"
"912","AAPL","124.971","68677664","293683","4/30/2015","3:28pm"
"913","FB","78.380","22112144","212052","4/30/2015","3:28pm"
"914","GOOG","536.060","1468339","8595","4/30/2015","3:28pm"
"915","YHOO","42.300","10108400","255977","4/30/2015","3:28pm"
"916","SIRI","3.915","29107829","134390","4/30/2015","3:28pm"
"917","GE","27.060","32221321","141906","4/30/2015","3:28pm"
"918","S","5.070","11200295","44894","4/30/2015","3:28pm"
"919","BAC","15.870","61777060","291948","4/30/2015","3:28pm"
"920","MSFT","48.690","49620173","227405","4/30/2015","3:28pm"
"921","AMZN","419.970","2791895","14240","4/30/2015","3:29pm"
"922","AAPL","124.949","68881462","203798","4/30/2015","3:29pm"
"923","FB","78.360","22211773","99629","4/30/2015","3:29pm"
"924","GOOG","535.880","1477840","9501","4/30/2015","3:29pm"
"925","YHOO","42.320","10179807","71407","4/30/2015","3:29pm"
"926","SIRI","3.915","29181429","73600","4/30/2015","3:29pm"
"927","GE","27.070","32347747","126426","4/30/2015","3:29pm"
"928","S","5.075","11217791","17496","4/30/2015","3:29pm"
"929","BAC","15.880","61907563","130503","4/30/2015","3:29pm"
"930","MSFT","48.690","49803287","183114","4/30/2015","3:29pm"
"931","AMZN","419.730","2796411","4516","4/30/2015","3:30pm"
"932","AAPL","124.979","69066948","185486","4/30/2015","3:30pm"
"933","FB","78.349","22308446","96673","4/30/2015","3:30pm"
"934","GOOG","536.230","1488023","10183","4/30/2015","3:30pm"
"935","YHOO","42.320","10402014","222207","4/30/2015","3:30pm"
"936","SIRI","3.915","29204029","22600","4/30/2015","3:30pm"
"937","GE","27.075","32496223","148476","4/30/2015","3:30pm"
"938","S","5.065","11385522","167731","4/30/2015","3:30pm"
"939","BAC","15.880","62323763","416200","4/30/2015","3:30pm"
"940","MSFT","48.690","49926192","122905","4/30/2015","3:30pm"
"941","AMZN","420.200","2799392","2981","4/30/2015","3:31pm"
"942","AAPL","125.066","69180067","113119","4/30/2015","3:31pm"
"943","FB","78.330","22532087","223641","4/30/2015","3:31pm"
"944","GOOG","536.430","1498401","10378","4/30/2015","3:31pm"
"945","YHOO","42.330","10499189","97175","4/30/2015","3:31pm"
"946","SIRI","3.920","29259629","55600","4/30/2015","3:31pm"
"947","GE","27.105","32600019","103796","4/30/2015","3:31pm"
"948","S","5.065","11389272","3750","4/30/2015","3:31pm"
"949","BAC","15.890","62424003","100240","4/30/2015","3:31pm"
"950","MSFT","48.740","50038489","112297","4/30/2015","3:31pm"
"951","AMZN","420.270","2816787","17395","4/30/2015","3:32pm"
"952","AAPL","125.220","69431719","251652","4/30/2015","3:32pm"
"953","FB","78.430","22632574","100487","4/30/2015","3:32pm"
"954","GOOG","536.450","1502226","3825","4/30/2015","3:31pm"
"955","YHOO","42.380","10539970","40781","4/30/2015","3:32pm"
"956","SIRI","3.915","29292058","32429","4/30/2015","3:32pm"
"957","GE","27.125","32645551","45532","4/30/2015","3:32pm"
"958","S","5.065","11395997","6725","4/30/2015","3:32pm"
"959","BAC","15.895","62606648","182645","4/30/2015","3:32pm"
"960","MSFT","48.786","50215443","176954","4/30/2015","3:32pm"
"961","AMZN","420.810","2831248","14461","4/30/2015","3:33pm"
"962","AAPL","125.440","69662193","230474","4/30/2015","3:33pm"
"963","FB","78.580","22824013","191439","4/30/2015","3:33pm"
"964","GOOG","537.530","1507604","5378","4/30/2015","3:33pm"
"965","YHOO","42.470","10666987","127017","4/30/2015","3:33pm"
"966","SIRI","3.915","29321511","29453","4/30/2015","3:33pm"
"967","GE","27.135","32715456","69905","4/30/2015","3:33pm"
"968","S","5.060","11413501","17504","4/30/2015","3:33pm"
"969","BAC","15.910","62921962","315314","4/30/2015","3:33pm"
"970","MSFT","48.850","50392242","176799","4/30/2015","3:33pm"
"971","AMZN","421.070","2863929","32681","4/30/2015","3:34pm"
"972","AAPL","125.458","69859671","197478","4/30/2015","3:34pm"
"973","FB","78.580","22973192","149179","4/30/2015","3:34pm"
"974","GOOG","537.300","1509923","2319","4/30/2015","3:34pm"
"975","YHOO","42.500","10789849","122862","4/30/2015","3:34pm"
"976","SIRI","3.915","29359465","37954","4/30/2015","3:34pm"
"977","GE","27.150","32847736","132280","4/30/2015","3:34pm"
"978","S","5.060","11420601","7100","4/30/2015","3:34pm"
"979","BAC","15.920","63026732","104770","4/30/2015","3:34pm"
"980","MSFT","48.820","50556806","164564","4/30/2015","3:34pm"
"981","AMZN","420.520","2882261","18332","4/30/2015","3:35pm"
"982","AAPL","125.363","70051355","191684","4/30/2015","3:35pm"
"983","FB","78.610","23103186","129994","4/30/2015","3:35pm"
"984","GOOG","536.810","1515225","5302","4/30/2015","3:35pm"
"985","YHOO","42.480","10896808","106959","4/30/2015","3:35pm"
"986","SIRI","3.915","29399213","39748","4/30/2015","3:35pm"
"987","GE","27.120","32978752","131016","4/30/2015","3:35pm"
"988","S","5.060","11451693","31092","4/30/2015","3:35pm"
"989","BAC","15.915","63132308","105576","4/30/2015","3:35pm"
"990","MSFT","48.790","50660970","104164","4/30/2015","3:35pm"
"991","AMZN","420.370","2894872","12611","4/30/2015","3:36pm"
"992","AAPL","125.200","70264730","213375","4/30/2015","3:36pm"
"993","FB","78.630","23179165","75979","4/30/2015","3:36pm"
"994","GOOG","536.230","1522710","7485","4/30/2015","3:36pm"
"995","YHOO","42.480","10955800","58992","4/30/2015","3:36pm"
"996","SIRI","3.915","29451113","51900","4/30/2015","3:36pm"
"997","GE","27.126","33052539","73787","4/30/2015","3:36pm"
"998","S","5.065","11479756","28063","4/30/2015","3:36pm"
"999","BAC","15.910","63455829","323521","4/30/2015","3:36pm"
"1000","MSFT","48.780","50762175","101205","4/30/2015","3:36pm"
"1001","AMZN","420.450","2902804","7932","4/30/2015","3:37pm"
"1002","AAPL","125.263","70431158","166428","4/30/2015","3:37pm"
"1003","FB","78.640","23329465","150300","4/30/2015","3:37pm"
"1004","GOOG","536.260","1532097","9387","4/30/2015","3:37pm"
"1005","YHOO","42.485","11094511","138711","4/30/2015","3:37pm"
"1006","SIRI","3.915","29498713","47600","4/30/2015","3:37pm"
"1007","GE","27.135","33203986","151447","4/30/2015","3:37pm"
"1008","S","5.065","11492572","12816","4/30/2015","3:37pm"
"1009","BAC","15.920","63611872","156043","4/30/2015","3:37pm"
"1010","MSFT","48.830","50868247","106072","4/30/2015","3:37pm"
"1011","AMZN","420.663","2913870","11066","4/30/2015","3:38pm"
"1012","AAPL","125.240","70662987","231829","4/30/2015","3:38pm"
"1013","FB","78.680","23439185","109720","4/30/2015","3:38pm"
"1014","GOOG","536.300","1537495","5398","4/30/2015","3:38pm"
"1015","YHOO","42.490","11196102","101591","4/30/2015","3:38pm"
"1016","SIRI","3.915","29561447","62734","4/30/2015","3:38pm"
"1017","GE","27.130","33481080","277094","4/30/2015","3:38pm"
"1018","S","5.065","11510342","17770","4/30/2015","3:38pm"
"1019","BAC","15.925","63775097","163225","4/30/2015","3:38pm"
"1020","MSFT","48.820","50956792","88545","4/30/2015","3:38pm"
"1021","AMZN","420.880","2923982","10112","4/30/2015","3:39pm"
"1022","AAPL","125.240","70838950","175963","4/30/2015","3:39pm"
"1023","FB","78.715","23534885","95700","4/30/2015","3:39pm"
"1024","GOOG","536.500","1542528","5033","4/30/2015","3:39pm"
"1025","YHOO","42.485","11268741","72639","4/30/2015","3:39pm"
"1026","SIRI","3.915","29899247","337800","4/30/2015","3:39pm"
"1027","GE","27.135","33571047","89967","4/30/2015","3:39pm"
"1028","S","5.080","11693403","183061","4/30/2015","3:39pm"
"1029","BAC","15.930","63899891","124794","4/30/2015","3:39pm"
"1030","MSFT","48.830","51038582","81790","4/30/2015","3:39pm"
"1031","AMZN","420.455","2933585","9603","4/30/2015","3:40pm"
"1032","AAPL","125.160","71045763","206813","4/30/2015","3:40pm"
"1033","FB","78.640","23678190","143305","4/30/2015","3:40pm"
"1034","GOOG","536.250","1550951","8423","4/30/2015","3:40pm"
"1035","YHOO","42.460","11347865","79124","4/30/2015","3:40pm"
"1036","SIRI","3.920","30495604","596357","4/30/2015","3:40pm"
"1037","GE","27.105","33853724","282677","4/30/2015","3:40pm"
"1038","S","5.080","11709541","16138","4/30/2015","3:40pm"
"1039","BAC","15.910","64311806","411915","4/30/2015","3:40pm"
"1040","MSFT","48.815","51197567","158985","4/30/2015","3:40pm"
"1041","AMZN","420.152","2941280","7695","4/30/2015","3:41pm"
"1042","AAPL","125.180","71205348","159585","4/30/2015","3:41pm"
"1043","FB","78.615","23749724","71534","4/30/2015","3:41pm"
"1044","GOOG","536.320","1565848","14897","4/30/2015","3:41pm"
"1045","YHOO","42.440","11446990","99125","4/30/2015","3:41pm"
"1046","SIRI","3.915","31113471","617867","4/30/2015","3:41pm"
"1047","GE","27.120","34457552","603828","4/30/2015","3:41pm"
"1048","S","5.080","11715771","6230","4/30/2015","3:41pm"
"1049","BAC","15.915","64782365","470559","4/30/2015","3:41pm"
"1050","MSFT","48.800","51295029","97462","4/30/2015","3:41pm"
"1051","AMZN","420.190","2950235","8955","4/30/2015","3:42pm"
"1052","AAPL","125.040","71370638","165290","4/30/2015","3:42pm"
"1053","FB","78.560","23988596","238872","4/30/2015","3:42pm"
"1054","GOOG","536.240","1578165","12317","4/30/2015","3:42pm"
"1055","YHOO","42.440","11534993","88003","4/30/2015","3:42pm"
"1056","SIRI","3.915","31160694","47223","4/30/2015","3:42pm"
"1057","GE","27.100","34663961","206409","4/30/2015","3:42pm"
"1058","S","5.075","11741371","25600","4/30/2015","3:42pm"
"1059","BAC","15.895","65655414","873049","4/30/2015","3:42pm"
"1060","MSFT","48.765","51444090","149061","4/30/2015","3:42pm"
"1061","AMZN","420.000","2958402","8167","4/30/2015","3:43pm"
"1062","AAPL","125.075","71530183","159545","4/30/2015","3:43pm"
"1063","FB","78.560","24096854","108258","4/30/2015","3:43pm"
"1064","GOOG","535.760","1582502","4337","4/30/2015","3:43pm"
"1065","YHOO","42.420","11620287","85294","4/30/2015","3:43pm"
"1066","SIRI","3.915","31201735","41041","4/30/2015","3:43pm"
"1067","GE","27.090","34764913","100952","4/30/2015","3:43pm"
"1068","S","5.075","11755571","14200","4/30/2015","3:43pm"
"1069","BAC","15.890","65840444","185030","4/30/2015","3:43pm"
"1070","MSFT","48.750","51734967","290877","4/30/2015","3:43pm"
"1071","AMZN","420.180","2966772","8370","4/30/2015","3:44pm"
"1072","AAPL","125.070","71630284","100101","4/30/2015","3:44pm"
"1073","FB","78.579","24287740","190886","4/30/2015","3:44pm"
"1074","GOOG","535.375","1591520","9018","4/30/2015","3:44pm"
"1075","YHOO","42.407","11705915","85628","4/30/2015","3:44pm"
"1076","SIRI","3.915","31267339","65604","4/30/2015","3:44pm"
"1077","GE","27.087","34825154","60241","4/30/2015","3:44pm"
"1078","S","5.080","11765379","9808","4/30/2015","3:44pm"
"1079","BAC","15.895","66086506","246062","4/30/2015","3:44pm"
"1080","MSFT","48.715","51956429","221462","4/30/2015","3:44pm"
"1081","AMZN","420.350","2988870","22098","4/30/2015","3:45pm"
"1082","AAPL","125.050","71754127","123843","4/30/2015","3:45pm"
"1083","FB","78.600","24418586","130846","4/30/2015","3:45pm"
"1084","GOOG","535.285","1598958","7438","4/30/2015","3:45pm"
"1085","YHOO","42.410","11793942","88027","4/30/2015","3:45pm"
"1086","SIRI","3.920","31428392","161053","4/30/2015","3:45pm"
"1087","GE","27.070","34944742","119588","4/30/2015","3:45pm"
"1088","S","5.080","11796539","31160","4/30/2015","3:45pm"
"1089","BAC","15.880","66233270","146764","4/30/2015","3:45pm"
"1090","MSFT","48.700","52210333","253904","4/30/2015","3:45pm"
"1091","AMZN","420.495","3013719","24849","4/30/2015","3:46pm"
"1092","AAPL","125.080","71877119","122992","4/30/2015","3:46pm"
"1093","FB","78.677","24560874","142288","4/30/2015","3:46pm"
"1094","GOOG","535.290","1612014","13056","4/30/2015","3:46pm"
"1095","YHOO","42.440","11859429","65487","4/30/2015","3:46pm"
"1096","SIRI","3.915","31548984","120592","4/30/2015","3:46pm"
"1097","GE","27.095","35079435","134693","4/30/2015","3:46pm"
"1098","S","5.080","11839910","43371","4/30/2015","3:46pm"
"1099","BAC","15.890","66374801","141531","4/30/2015","3:46pm"
"1100","MSFT","48.700","52533376","323043","4/30/2015","3:46pm"
"1101","AMZN","420.410","3025354","11635","4/30/2015","3:47pm"
"1102","AAPL","125.149","72050932","173813","4/30/2015","3:47pm"
"1103","FB","78.720","24680690","119816","4/30/2015","3:47pm"
"1104","GOOG","535.480","1627648","15634","4/30/2015","3:47pm"
"1105","YHOO","42.465","11920432","61003","4/30/2015","3:47pm"
"1106","SIRI","3.915","31682973","133989","4/30/2015","3:47pm"
"1107","GE","27.105","35148401","68966","4/30/2015","3:47pm"
"1108","S","5.080","11879711","39801","4/30/2015","3:47pm"
"1109","BAC","15.905","66608450","233649","4/30/2015","3:47pm"
"1110","MSFT","48.720","52788294","254918","4/30/2015","3:47pm"
"1111","AMZN","420.340","3042798","17444","4/30/2015","3:48pm"
"1112","AAPL","125.144","72208873","157941","4/30/2015","3:48pm"
"1113","FB","78.675","24842054","161364","4/30/2015","3:48pm"
"1114","GOOG","535.445","1658471","30823","4/30/2015","3:48pm"
"1115","YHOO","42.450","11969056","48624","4/30/2015","3:48pm"
"1116","SIRI","3.915","31791448","108475","4/30/2015","3:48pm"
"1117","GE","27.095","35278053","129652","4/30/2015","3:48pm"
"1118","S","5.075","12069766","190055","4/30/2015","3:48pm"
"1119","BAC","15.920","66908792","300342","4/30/2015","3:48pm"
"1120","MSFT","48.720","53049509","261215","4/30/2015","3:48pm"
"1121","AMZN","420.320","3071985","29187","4/30/2015","3:49pm"
"1122","AAPL","125.050","72393604","184731","4/30/2015","3:49pm"
"1123","FB","78.664","24975963","133909","4/30/2015","3:49pm"
"1124","GOOG","535.180","1673712","15241","4/30/2015","3:49pm"
"1125","YHOO","42.420","12055740","86684","4/30/2015","3:49pm"
"1126","SIRI","3.920","32115913","324465","4/30/2015","3:49pm"
"1127","GE","27.080","35376196","98143","4/30/2015","3:49pm"
"1128","S","5.090","12366231","296465","4/30/2015","3:49pm"
"1129","BAC","15.910","67332505","423713","4/30/2015","3:49pm"
"1130","MSFT","48.685","53275149","225640","4/30/2015","3:49pm"
"1131","AMZN","420.490","3090260","18275","4/30/2015","3:50pm"
"1132","AAPL","124.920","72912013","518409","4/30/2015","3:50pm"
"1133","FB","78.630","25167588","191625","4/30/2015","3:50pm"
"1134","GOOG","535.510","1688908","15196","4/30/2015","3:50pm"
"1135","YHOO","42.450","12254265","198525","4/30/2015","3:50pm"
"1136","SIRI","3.915","32969603","853690","4/30/2015","3:50pm"
"1137","GE","27.080","35490735","114539","4/30/2015","3:50pm"
"1138","S","5.080","12395658","29427","4/30/2015","3:50pm"
"1139","BAC","15.900","67485646","153141","4/30/2015","3:50pm"
"1140","MSFT","48.655","53763299","488150","4/30/2015","3:50pm"
"1141","AMZN","420.540","3106230","15970","4/30/2015","3:51pm"
"1142","AAPL","124.990","73172514","260501","4/30/2015","3:51pm"
"1143","FB","78.565","25364229","196641","4/30/2015","3:51pm"
"1144","GOOG","535.950","1704042","15134","4/30/2015","3:51pm"
"1145","YHOO","42.470","12326518","72253","4/30/2015","3:51pm"
"1146","SIRI","3.915","33059567","89964","4/30/2015","3:51pm"
"1147","GE","27.100","35617785","127050","4/30/2015","3:51pm"
"1148","S","5.080","12416720","21062","4/30/2015","3:51pm"
"1149","BAC","15.915","67701516","215870","4/30/2015","3:51pm"
"1150","MSFT","48.645","54230523","467224","4/30/2015","3:51pm"
"1151","AMZN","420.640","3115889","9659","4/30/2015","3:52pm"
"1152","AAPL","124.980","73350971","178457","4/30/2015","3:52pm"
"1153","FB","78.571","25563039","198810","4/30/2015","3:52pm"
"1154","GOOG","536.460","1717018","12976","4/30/2015","3:52pm"
"1155","YHOO","42.490","12395018","68500","4/30/2015","3:52pm"
"1156","SIRI","3.910","33098267","38700","4/30/2015","3:52pm"
"1157","GE","27.090","35677977","60192","4/30/2015","3:52pm"
"1158","S","5.090","12433096","16376","4/30/2015","3:52pm"
"1159","BAC","15.910","67789596","88080","4/30/2015","3:52pm"
"1160","MSFT","48.630","54565611","335088","4/30/2015","3:52pm"
"1161","AMZN","420.550","3127501","11612","4/30/2015","3:53pm"
"1162","AAPL","124.915","73588019","237048","4/30/2015","3:53pm"
"1163","FB","78.620","25710769","147730","4/30/2015","3:53pm"
"1164","GOOG","536.370","1739041","22023","4/30/2015","3:53pm"
"1165","YHOO","42.480","12492631","97613","4/30/2015","3:53pm"
"1166","SIRI","3.910","33165792","67525","4/30/2015","3:53pm"
"1167","GE","27.070","35851632","173655","4/30/2015","3:53pm"
"1168","S","5.090","12458187","25091","4/30/2015","3:53pm"
"1169","BAC","15.900","68479224","689628","4/30/2015","3:53pm"
"1170","MSFT","48.620","54885564","319953","4/30/2015","3:53pm"
"1171","AMZN","420.790","3143416","15915","4/30/2015","3:54pm"
"1172","AAPL","124.910","73918219","330200","4/30/2015","3:54pm"
"1173","FB","78.660","25899777","189008","4/30/2015","3:54pm"
"1174","GOOG","535.830","1744486","5445","4/30/2015","3:54pm"
"1175","YHOO","42.450","12598403","105772","4/30/2015","3:54pm"
"1176","SIRI","3.910","33230222","64430","4/30/2015","3:54pm"
"1177","GE","27.070","35949585","97953","4/30/2015","3:54pm"
"1178","S","5.090","12495627","37440","4/30/2015","3:54pm"
"1179","BAC","15.895","68813940","334716","4/30/2015","3:54pm"
"1180","MSFT","48.610","55036426","150862","4/30/2015","3:54pm"
"1181","AMZN","420.860","3164339","20923","4/30/2015","3:55pm"
"1182","AAPL","124.960","74189922","271703","4/30/2015","3:55pm"
"1183","FB","78.690","26037381","137604","4/30/2015","3:55pm"
"1184","GOOG","535.940","1750822","6336","4/30/2015","3:55pm"
"1185","YHOO","42.460","12716228","117825","4/30/2015","3:55pm"
"1186","SIRI","3.915","33367422","137200","4/30/2015","3:55pm"
"1187","GE","27.080","36135050","185465","4/30/2015","3:55pm"
"1188","S","5.110","12769718","274091","4/30/2015","3:55pm"
"1189","BAC","15.920","69362209","548269","4/30/2015","3:55pm"
"1190","MSFT","48.635","55510249","473823","4/30/2015","3:55pm"
"1191","AMZN","421.200","3190345","26006","4/30/2015","3:56pm"
"1192","AAPL","124.980","74429035","239113","4/30/2015","3:56pm"
"1193","FB","78.765","26252672","215291","4/30/2015","3:56pm"
"1194","GOOG","536.400","1759975","9153","4/30/2015","3:56pm"
"1195","YHOO","42.460","12818943","102715","4/30/2015","3:56pm"
"1196","SIRI","3.920","33498722","131300","4/30/2015","3:56pm"
"1197","GE","27.090","36438831","303781","4/30/2015","3:56pm"
"1198","S","5.110","12801309","31591","4/30/2015","3:56pm"
"1199","BAC","15.910","69781305","419096","4/30/2015","3:56pm"
"1200","MSFT","48.630","55881353","371104","4/30/2015","3:56pm"
"1201","AMZN","421.315","3212206","21861","4/30/2015","3:57pm"
"1202","AAPL","125.030","74725365","296330","4/30/2015","3:57pm"
"1203","FB","78.740","26503082","250410","4/30/2015","3:57pm"
"1204","GOOG","536.490","1769765","9790","4/30/2015","3:57pm"
"1205","YHOO","42.500","12986187","167244","4/30/2015","3:57pm"
"1206","SIRI","3.925","34546376","1047654","4/30/2015","3:57pm"
"1207","GE","27.070","36637201","198370","4/30/2015","3:57pm"
"1208","S","5.130","13044847","243538","4/30/2015","3:57pm"
"1209","BAC","15.915","70113822","332517","4/30/2015","3:57pm"
"1210","MSFT","48.640","56262367","381014","4/30/2015","3:57pm"
"1211","AMZN","421.587","3247103","34897","4/30/2015","3:58pm"
"1212","AAPL","125.045","75007375","282010","4/30/2015","3:58pm"
"1213","FB","78.730","26688431","185349","4/30/2015","3:58pm"
"1214","GOOG","536.620","1780420","10655","4/30/2015","3:58pm"
"1215","YHOO","42.520","13170206","184019","4/30/2015","3:58pm"
"1216","SIRI","3.935","35577728","1031352","4/30/2015","3:58pm"
"1217","GE","27.080","37032208","395007","4/30/2015","3:58pm"
"1218","S","5.130","13284135","239288","4/30/2015","3:58pm"
"1219","BAC","15.915","70368920","255098","4/30/2015","3:58pm"
"1220","MSFT","48.645","56546835","284468","4/30/2015","3:58pm"
"1221","AMZN","421.630","3290946","43843","4/30/2015","3:59pm"
"1222","AAPL","125.130","75610258","602883","4/30/2015","3:59pm"
"1223","FB","78.720","27069492","381061","4/30/2015","3:59pm"
"1224","GOOG","537.050","1800396","19976","4/30/2015","3:59pm"
"1225","YHOO","42.549","13332098","161892","4/30/2015","3:59pm"
"1226","SIRI","3.945","36938628","1360900","4/30/2015","3:59pm"
"1227","GE","27.080","37473629","441421","4/30/2015","3:59pm"
"1228","S","5.150","14033418","749283","4/30/2015","3:59pm"
"1229","BAC","15.920","71100974","732054","4/30/2015","3:59pm"
"1230","MSFT","48.705","57364905","818070","4/30/2015","3:59pm"
"1231","AMZN","421.785","3535436","244490","4/30/2015","4:00pm"
"1232","AAPL","125.150","81371781","5761523","4/30/2015","4:00pm"
"1233","FB","78.763","28182333","1112841","4/30/2015","4:00pm"
"1234","GOOG","537.340","2046047","245651","4/30/2015","4:00pm"
"1235","YHOO","42.565","14119519","787421","4/30/2015","4:00pm"
"1236","SIRI","3.950","39554383","2615755","4/30/2015","4:00pm"
"1237","GE","27.080","42074339","4600710","4/30/2015","4:00pm"
"1238","S","5.130","14688478","655060","4/30/2015","4:00pm"
"1239","BAC","15.920","71732663","631689","4/30/2015","4:00pm"
"1240","MSFT","48.640","63034295","5669390","4/30/2015","4:00pm"
