384.31,387.12,381.32,382.65,2572000
380.66,384.42,378.8,383.54,2388400
374.66,381.58,374.65,381.2,2633900
376.15,379.31,374.03,374.41,1950200
370.1,380.2,369.36,377.04,3043500
370.5,373.28,369,372.25,1867100
372.1,373.16,368.34,370.26,2451100
373.24,377.7,371.51,372.1,2501100
371.87,376.12,371.55,374.59,1811800
367.11,373.17,366.57,370.56,2603800
369.59,371.4,365.65,367.35,2926400
375.17,380.5,370.29,370.96,3377200
373.99,375.24,372.27,374.09,2224000
378.07,381.77,374.94,375.11,2235300
376.29,379.37,375.92,378.49,3729900
373.87,377.11,372.19,373.24,1911400
369.97,375.99,366.7,375.14,2654100
371.11,374.5,369.64,371.92,2037000
370.38,373.94,366.72,373.35,2354100
371.52,373.99,366.68,370.58,2611700
368.82,375.5,367.52,374.24,2810000
370.61,373.35,366.26,366.37,2495100
377.45,377.77,369.18,369.51,3121000
378.4,379.33,375.28,378.56,2311400
385.52,387,378.88,380.09,2627000
385.61,388.42,383.89,387.83,2693500
385.71,387.9,382.19,382.72,2259100
383.95,386.1,381.6,384.61,1946500
380.85,385.9,379.48,385.66,2139200
384,385.99,379.79,380.16,2532300
384.07,389.37,383.28,384.8,2687100
377.27,387.85,376.54,385.37,3174500
378.65,380.48,376.16,378.59,1920800
383.44,384.54,378,380.14,2177000
378.62,383.7,375.84,383.66,3258000
373.49,381.88,373.43,379,2953800
373.78,376.74,372.85,373.37,2650600
377.72,379.99,372.67,375.43,3673200
378.41,383,377.01,381.83,3475100
375.1,378.51,373.15,377.17,2791100
371.23,377.1,371.1,375.14,2786500
371.19,374.3,368.51,373,2287200
371,374.41,367.2,370.56,2724600
374.87,375.99,371.01,374.28,3871300
366,378.8,365.9,373.89,7247600
358.38,367.5,358.23,364.75,4169900
360.29,367.82,360.21,363.55,6212600
350.05,365,350.01,364.47,10231900
346.32,359.5,340.74,354.53,23856100
304.73,312.8,299.33,311.78,8656600
309.81,311.51,303.8,303.91,3063800
306.3,310.24,302.63,306.75,2920300
311.82,313,307.52,309.66,3169700
308.08,316.93,307.72,312.39,4496400
300,312.25,300,310.32,5362600
289.64,306,287.26,297.25,10065100
292.59,293.36,286.39,289.44,3075100
286.28,290.79,285.25,290.74,3478200
294,296,286.82,286.95,4410200
291.93,295.91,286.5,293.27,5538700
297.48,301.5,293.23,294.74,4130900
297.56,298.51,289.28,291.41,3421400
301.48,302.87,296.68,296.93,2589500
300.32,303.14,296.11,300.46,3088400
297.5,301.28,295.33,298.42,2640300
302.24,303,292.38,295.29,3519000
307.01,308.38,300.85,302.19,2774200
312.58,314.75,306.96,308.52,2783200
311.55,312.98,310.01,310.35,2048000
309.91,313.94,309.34,310.3,2093000
307.85,314.27,306.58,312.04,3009000
305,310.78,303.81,309.09,2887500
306.38,307,302.88,303.03,1513800
306.98,307.49,303.25,306.29,2713700
301.94,307.36,301.94,306.54,4003800
296.91,301.54,295.52,299.9,8709100
304.01,304.5,293.25,297.73,7738100
296.37,299.67,293.03,298.88,4433500
304.35,304.49,295.01,295.06,6501300
308.87,310.86,302.15,306.07,3841600
303.99,310.64,303.01,307.32,3153500
307.89,312.64,306.01,307.36,3262900
312,313.19,304.68,305.84,3245900
302.99,313.64,301.14,312.5,4049500
311.57,316.56,304.82,306.64,3639200
316.8,316.93,310.84,312.63,3265200
315.53,318.59,313.47,316.93,3290300
325.73,326.77,314.36,316.5,5681000
327.5,327.93,323.25,326.31,2783500
338.12,340.64,325.93,326,4944900
336.03,341.26,336.03,338.64,3051800
333.78,334.65,331.75,333.57,1983600
335.27,336.33,331.28,335.04,2561200
334.78,337.39,333.6,335.64,2753700
335.42,338.33,331.47,332.63,4466000
324,332.67,323.33,330.54,3435000
327.25,328.4,324.02,326.54,3280800
323.99,329.56,323.25,324.93,3549500
326.44,328,318.03,323.05,4784600
317.12,332.88,316.4,327.82,8876300
312,317.89,311.51,316.48,3685700
310.75,312.58,308.79,311.51,2181700
305.94,312.38,303.65,312.01,3803600
300,305.8,300,305.11,2809100
297.82,299.99,296.29,299.86,2647400
296.69,297,292.29,296.64,3758100
303.01,304,294.16,296.52,4674500
303.99,304.25,300.17,302.81,3427400
306.24,308.01,303.24,305.72,3242500
305.15,305.72,301.5,305.46,4550700
293.98,299.74,292.36,299.07,4048200
299.11,299.61,293.07,294.12,4881900
289.76,298,289.76,295.59,5572600
285.7,290.42,285.02,289.97,5950600
284.4,293.81,284,287.06,19801100
313.4,316.8,311.4,313.18,9038200
315.43,318.98,312.64,312.97,3125900
309.9,315.64,307.07,315.33,3559300
302.95,306.53,302.02,306.21,3234500
307.15,309.2,302.72,303.64,4405100
293.83,306.82,293.83,302.86,4731300
304.35,307.9,299.1,305.97,5343900
308,312.24,305.75,308.31,3385800
309.87,313.2,303.47,306.45,4363900
314.02,317.77,311.38,311.39,3681900
321.49,322.27,314.52,315.37,3587900
316.58,324.11,314.14,322.7,3452800
319.43,322,316.67,316.98,2365400
323.5,324.13,319.6,322.2,2290300
320.36,325.16,319.53,322.74,3037400
316.92,318.53,311.31,318.41,3553900
322.04,322.17,315.55,317.46,3089100
321.36,323.43,318.51,322.44,2636200
320.5,323.75,319,321.82,1924600
320.6,323.5,317.64,323.21,3638000
327.99,328.54,321.4,321.93,2928800
324.17,329.44,319.56,328.21,2642200
322.46,327.6,321.25,323.63,2352600
328.49,329.49,321.06,324.5,3109700
327.6,332.76,325.57,331.32,6886200
325.44,327.1,323.71,325,2576900
327.76,328,321.52,324,4136000
321.07,329.48,320.1,327.76,3259900
330.91,331.33,319,323.89,4000400
329.56,332.89,328.79,331.19,3429300
329.94,333.01,326.39,330.52,2720200
334.3,334.98,328.82,331.33,3797400
341.61,341.76,329.18,329.75,4646800
344.54,345.81,339.04,342.34,2955300
346.3,346.83,342.5,346.38,2107000
343.69,349.38,343.58,345.95,3965600
342.54,343.27,337.55,339,1993700
339.98,342.5,337.16,342.38,2326000
341.76,341.82,337.68,339.04,1939500
340,341.79,338.8,340.02,2252700
342.09,346.67,341.34,343.18,2961600
337,344.36,334.55,341.83,3654700
333.21,336.77,332.71,334.02,1957700
332.99,334.08,330.8,331.59,2211200
336.48,336.58,332.23,332.91,1971100
334.68,337.16,334.02,335.78,1810500
334.87,335.81,333.01,335.13,1713800
335.48,337.8,333.77,334.53,2485400
334,335,328.32,333.63,3896700
327.8,334.09,326.71,333.21,3420400
327.6,331.72,326.14,326.28,4945100
318.89,321.31,316.95,319.32,1915800
318.48,320.38,316.88,318.33,2468600
311.94,317.32,310.66,316.8,2705900
315.21,315.88,309.65,311.45,2935600
310.83,315.78,310.2,313.89,2296900
313.3,314.55,310.06,312.32,2852100
308.84,316.18,308.5,313.65,4200900
313.69,315.83,304.59,307.06,7441500
320.01,320.68,311.86,312.99,5192000
321.45,322.73,318.5,322.51,3969000
321.98,322.9,319.5,320,2883800
324.25,324.82,316.5,320.41,5932000
317.3,324.87,314.76,324.01,17846500
359.98,364.85,358.52,358.61,7088700
359.05,360.63,356.62,358.14,2687300
355.25,362.93,355.25,360.84,2888900
358.1,361.71,356.72,359.76,2278400
354.4,359.68,352.08,358.66,3407400
353.44,356.96,351.38,352.45,3636000
355.62,359.32,353,355.9,3503600
353.72,355.59,349.4,354.44,4170900
347.03,355.77,345.36,355.32,5609900
334.71,347,334.71,346.2,8300800
324.34,329.98,322.65,327.92,2665000
324.71,330.2,323.15,329.97,3166100
333.1,333.74,321.4,323.81,4271600
337.5,337.55,332.52,333.55,2128900
334.83,338.3,333.08,337.49,1944300
333.2,336.76,331.66,332.85,2681300
325.86,333.2,325.1,332.39,3173600
324.98,326.98,322.24,324.78,2671300
325.88,326.52,323.27,324.57,2416200
328.49,328.65,322.13,325.69,2699500
324.33,328.15,321.74,327.44,2327800
327.54,329.73,322.74,324.16,2626600
323.33,327.55,321.41,327.24,2604800
327.76,328.22,320.42,324.2,6054000
335.26,338.9,325.98,327,5320600
328,335.75,325,334.38,6401500
327.54,331.34,325.23,325.62,2924100
324.86,328.69,323.52,327.62,2449800
327.05,329.3,323.53,326.27,2764800
335.55,335.55,324.66,325.91,4276300
336,340.72,333.88,335.2,4436800
327.65,335.5,327.5,332.41,3663400
331.57,333,325.65,327.5,3212200
325,330.88,324.93,329.67,5244000
308.1,327.94,306.9,323.57,7796700
306.85,309.5,303.84,306.78,2107100
305.75,307.92,305.07,307.19,2379200
312.59,312.6,307,308.84,2203400
314.43,314.65,307.57,312.55,4260200
310.42,314.87,310.2,313.78,2365500
309.5,313.82,307.42,310.16,2726000
314.41,314.63,307.38,310.82,4862100
305.46,312.35,304.9,312.24,3052900
305.05,308.54,303.01,304.91,2576800
302.21,305.96,301.52,305.01,3408800
297.1,304.46,296.75,301.19,4095700
295.76,299,293.81,296.76,2284200
292.8,298.88,291.55,297.7,3636800
298.02,299.2,290.38,295.19,4295100
302.5,304.64,296.66,297.62,3323300
302.6,305.6,300.75,304.64,3509900
294.3,303.34,294.16,302.86,3729600
290.57,293.68,284.38,292.24,4063000
290.82,295.88,287.23,288.32,3848200
295.56,296.4,286.68,292.71,7015200
309.53,309.81,297.04,297.38,4682300
306.37,310.23,305,310.05,2519900
310.42,313.29,304.31,308.01,3995100
304.13,310.48,304,307.89,4328600
298.1,304.56,298.1,304.13,4088600
296.44,301.84,290.45,300.38,6509300
304,304.39,288,296.58,14479800
316.25,316.49,302.71,303.83,16180200
329.67,337.4,322.95,337.15,9293700
333.06,333.13,323.39,324.58,3604600
332,337.5,328.94,329.32,3711600
323.97,331.15,322.31,330.87,2999400
319.76,328.66,319.76,324.91,4299200
321.17,324,314.71,323.68,4284900
316.7,318.28,305.5,316.08,5398600
317.67,320.48,311.28,315.91,4293500
314,316.5,309.5,311.73,7287500
330.6,331,316.5,317.11,6126700
328.47,332.18,322.5,331.81,5056600
321.88,328,318.44,327.07,6577600
320.99,324.94,313.13,317.76,7077400
335.15,335.44,315.61,323,12534600
341.82,342.5,328.46,333.62,6399300
345.99,348.3,340.38,341.96,4475500
338.09,344.43,338,342.99,3600100
342.4,346.29,334.06,336.37,4297500
340.05,347,336.08,338.29,3986800
343.15,344,330.88,338.47,5766400
357.13,357.6,343.4,343.41,4120700
354.03,358.97,348.84,354.71,4445700
360.09,361.5,348.6,351.85,4873500
371,372.84,358.4,360.62,5414100
370.64,373,366.22,368.97,2558500
378.77,379,369.42,373.23,2646700
377.32,379,375,378.77,2483500
375.72,378.85,374.88,375.04,2303000
372.8,378.57,371.55,373.74,4402200
376.62,383.11,368.08,371.51,6829000
366.4,371.16,363.61,370.64,2216600
370.99,372.8,367.28,368.82,2246100
372.69,372.73,367,370.53,2105800
374.58,374.99,369.53,372.06,2279800
374.05,375.33,368.9,372.16,2926600
364.13,372.73,363.9,372.37,3848300
363.9,365.68,362.46,363.9,2704400
358.74,360.96,354.48,359.78,2798300
360.6,365.87,357.08,362.1,3882000
357.22,360.59,355.5,360.13,3104900
359.86,364.75,357.17,359.8,3622100
353,361.08,351.58,358.32,3736400
345.19,353,343.29,351.78,3644700
352.44,354.14,346.75,346.76,4210000
348.8,350.46,344.38,349.8,3492800
352.64,354.54,346.1,347.38,4168100
355.28,355.73,349.45,353.65,4998000
359.34,359.34,353.35,357.35,3520200
347.7,357.2,346.5,357.2,4175000
356.43,357.75,346.32,349.25,6587700
361.84,363.61,356.25,361.79,3222100
361.61,365,359.35,360.87,3449700
358.98,361.8,352.49,361.08,4330500
347.4,354.82,347.4,354.59,3335700
346,349.37,337.73,346.45,4435400
349.59,354,344.02,347.95,4812900
358.98,360.85,340.1,346.15,10280800
125.95,127.21,125.26,127.1,40047500
125.85,126.58,124.66,126.56,32104700
125.85,126.4,124.97,125.6,37193100
127.64,128.12,125.98,126.01,34820100
124.47,127.51,124.33,127.35,36881400
125.03,125.56,124.19,125.32,32120700
124.82,125.12,123.1,124.25,40359200
126.09,126.49,124.36,124.43,41852400
124.05,126.4,124,126.37,46906700
124.57,124.7,122.91,123.25,39395000
122.76,124.88,122.6,124.24,47388100
126.54,126.82,123.38,123.38,51106600
127.23,128.04,126.56,126.69,32713000
127.12,127.85,126.52,127.21,36761000
128.25,128.4,125.16,125.9,67941100
128.75,129.25,127.4,127.5,45611100
127,129.16,126.37,128.47,65270900
125.9,127.32,125.65,127.04,51023100
123.88,124.95,122.87,124.95,35874300
124.4,125.4,122.58,123.59,51827300
122.31,124.9,121.63,124.45,48362700
124.75,124.77,122.11,122.24,68939000
126.41,127.22,123.8,124.51,68856600
127.96,129.57,125.06,127.14,88528500
128.4,129.37,126.26,126.6,72842100
128.58,128.75,125.76,126.41,56517100
129.1,129.56,128.32,128.54,31666300
128.96,129.52,128.09,129.36,37816300
129.25,130.28,128.3,129.09,48096700
130,130.57,128.24,128.46,62014800
128.79,130.87,126.61,130.42,91287500
131.56,131.6,128.15,128.79,74711700
132.94,133.6,131.17,132.17,69228100
130.02,133,129.66,133,70974100
128.62,129.5,128.05,129.5,48948400
128.48,129.03,128.33,128.45,37362400
127.63,128.78,127.45,128.72,44891700
127.49,128.88,126.92,127.83,63152400
127.28,127.28,125.65,127.08,54272200
126.06,127.48,125.57,126.46,74474500
122.77,124.92,122.5,124.88,73561800
120.17,122.15,120.16,122.02,62008500
118.55,119.84,118.43,119.72,38889800
120.02,120.25,118.45,118.93,43372000
120.02,120.23,119.25,119.94,42246200
118.5,120.51,118.31,119.56,70149700
118.5,119.09,117.61,118.65,51915700
118.05,119.17,116.08,118.63,62739100
118.4,120,116.85,117.16,83745500
116.32,119.19,115.56,118.9,84436400
117.63,118.12,115.31,115.31,146477100
112.42,112.48,109.03,109.14,95568700
113.74,114.36,112.8,113.1,55615000
112.3,113.75,111.53,112.98,46464800
110.26,112.47,109.72,112.4,53796400
108.95,111.06,108.27,109.55,48575900
107.84,108.97,106.5,108.72,49899900
107.03,107.58,105.2,105.99,78513300
110,110.06,106.66,106.82,60014000
109.04,110.49,108.5,109.8,48956600
111.43,112.8,108.91,110.22,67091900
112.6,112.63,108.8,109.25,49650800
112.67,113.25,110.21,112.01,53699500
109.23,112.15,108.7,111.89,59364500
107.2,108.2,106.7,107.75,40105900
106.54,107.43,104.63,106.26,65797100
108.29,108.65,105.41,106.25,64285500
111.39,111.44,107.35,109.33,53204600
112.82,113.13,110.21,110.38,41403400
113.64,113.92,112.11,112.52,29881500
113.79,114.77,113.7,113.91,27598900
112.1,114.52,112.01,113.99,33721000
112.58,112.71,112.01,112.01,14479600
113.23,113.33,112.46,112.54,26028400
112.16,113.49,111.97,112.94,45167500
112.26,113.24,111.66,111.78,88429800
111.87,112.65,110.66,112.65,59006200
107.12,109.84,106.82,109.41,53411800
106.37,110.16,106.26,106.75,60790700
110.7,111.6,106.35,108.23,67218100
110.46,111.87,109.58,109.73,56028100
112.26,113.8,111.34,111.62,41401700
114.41,114.85,111.54,111.95,44565300
110.19,114.3,109.35,114.12,60208000
114.1,114.65,111.62,112.4,57664900
115.99,116.08,114.64,115,38318900
115.77,117.2,115.29,115.49,42044500
115.75,116.35,115.11,115.93,43063400
113.5,115.75,112.75,114.63,59075100
118.81,119.25,111.27,115.07,83814000
119.27,119.4,118.05,118.93,24814400
117.94,119.1,117.83,119,40768300
119.07,119.75,117.45,117.6,68840400
116.85,118.77,116.62,118.63,47450800
117.51,117.57,116.03,116.47,57179300
114.91,116.86,114.85,116.31,43395500
115.44,115.74,113.8,114.67,41869200
113.94,115.69,113.89,115.47,44224000
114.27,117.28,113.3,113.99,46746700
113.15,114.19,113.05,114.18,44063600
111.8,113.45,111.6,112.82,59522900
109.38,111.43,109.37,111.25,46942400
108.7,109.75,108.4,109.7,27442300
109.02,109.33,108.67,108.83,27195500
108.75,109.32,108.55,109.01,33691500
108.6,108.79,107.8,108.7,34968500
109.1,109.3,108.13,108.86,37435900
109.36,109.49,107.72,108.6,41574400
108.22,110.3,108.01,109.4,52282600
108.01,108.04,107.21,108,44639300
106.96,107.35,105.9,106.98,40654800
106.65,107.37,106.36,107.34,52687900
105.4,106.74,105.35,106.74,47939900
104.85,105.48,104.7,105.11,34187700
105.18,105.49,104.53,105.22,47053900
104.08,105.05,103.63,104.83,71074700
102.84,104.11,102.6,102.99,68263100
103.02,103.02,101.27,102.47,94623900
98.32,99.96,98.22,99.76,77517300
97.5,99,96.81,97.67,68179700
95.55,97.72,95.41,96.26,72154500
97.97,99.15,95.18,97.54,100933600
100.39,100.52,98.57,98.75,63688600
101.33,101.78,99.81,99.81,53583400
100.69,102.03,100.3,100.73,66331600
101.54,102.38,100.61,101.02,77376500
98.76,101.11,98.31,100.8,57404700
99.43,100.12,98.73,98.75,42094200
99.95,100.65,99.42,99.62,37051200
99.44,100.21,99.04,99.62,43469600
99.27,100.22,98.04,99.9,47757800
100.59,100.69,98.7,99.18,51491300
100.81,101.54,100.53,100.75,55264100
98.65,100.44,98.63,100.11,49766300
98.53,100.75,98.4,100.75,62370500
100.51,100.71,97.72,97.87,100092000
102.16,102.85,101.2,101.75,60171800
100.6,102.94,100.54,102.64,63402200
101.8,102.14,100.58,101.06,52788400
102.29,102.35,100.5,100.96,70902400
101.93,102.35,101.56,101.79,37299400
101.27,101.8,100.59,101.58,60926500
99.8,101.26,98.89,100.86,66908100
102.81,103.05,101.44,101.63,61316500
101.21,102.19,101.08,101.66,64096900
100.41,101.44,99.62,101.43,62353100
98.01,101.11,97.76,101,100869600
99.08,103.08,96.14,97.99,189846300
99.3,99.31,98.05,98.36,46356700
98.8,99.39,98.31,98.97,58457000
98.85,100.09,97.79,98.12,85718000
103.1,103.2,98.58,98.94,125421000
103.06,103.74,102.72,103.3,53564000
102.86,102.9,102.2,102.5,44595000
101.59,102.78,101.56,102.25,68460000
101.02,102.57,100.7,102.13,52369000
101.42,101.5,100.86,100.89,33152000
101.79,102.17,101.28,101.54,40270000
100.29,101.47,100.19,101.32,44184000
100.57,100.94,100.11,100.58,33478000
100.44,101.09,99.95,100.57,52699000
99.41,100.68,99.32,100.53,69399000
98.49,99.37,97.98,99.16,47572000
97.9,98.19,96.86,97.98,48951000
97.33,97.57,96.8,97.5,28116000
96.15,97.24,96.04,97.24,31916000
96.04,96.88,95.61,95.97,33795000
95.27,96.08,94.84,95.99,36585000
94.26,94.82,93.28,94.74,41865000
94.93,95.95,94.1,94.48,46711000
94.75,95.48,94.71,94.96,38558000
95.36,95.68,94.36,95.12,55933000
96.37,96.58,95.17,95.59,39958000
94.9,96.62,94.81,96.13,48511000
97.16,97.45,95.33,95.6,56843000
98.44,98.7,97.67,98.15,33010000
99.33,99.44,98.25,98.38,43143000
97.82,99.24,97.55,99.02,55318000
96.85,97.84,96.64,97.67,43469000
97.04,97.32,96.42,97.03,45729000
95.42,97.88,95.17,97.19,92918000
94.68,94.89,94.12,94.72,55197000
94.99,95,93.72,93.94,39079000
93.62,94.74,93.02,94.43,49988000
95.03,95.28,92.57,93.09,57298000
96.97,97.1,94.74,94.78,53502000
96.8,96.85,95.03,95.32,45477900
95.86,96.89,95.65,96.45,42810000
95.36,95.89,94.86,95.22,34018000
93.76,95.55,93.52,95.04,39686000
95.44,95.95,94.76,95.39,36436000
96.27,96.8,93.92,95.35,65222000
94.14,95.99,94.1,95.97,56468000
93.67,94.1,93.2,94.03,22891800
93.87,94.06,93.09,93.48,28465000
93.52,94.07,93.13,93.52,38223000
92.1,93.73,92.09,92.93,49589000
90.82,92,90.77,91.98,64029000
90.37,91.05,89.8,90.9,32629000
90.21,90.7,89.65,90.36,36869000
90.75,91.74,90.19,90.28,39036000
91.32,91.62,90.6,90.83,43694000
91.85,92.55,90.9,90.91,100898000
92.29,92.3,91.34,91.86,35528000
92.27,92.29,91.35,92.18,33514000
92.31,92.7,91.8,92.08,29726000
91.51,92.75,91.45,92.2,35561000
92.2,92.44,90.88,91.28,54525000
94.04,94.12,91.9,92.29,54749000
94.13,94.76,93.47,93.86,45681000
94.73,95.05,93.57,94.25,62777000
92.7,93.88,91.75,93.7,75415000
649.9,651.26,644.47,645.57,87484600
646.2,649.37,642.61,647.35,75951400
637.44,647.89,636.11,644.82,83870500
628.46,638.74,628.25,637.54,73177300
633.96,634.83,622.5,628.65,92337700
637.98,644.17,628.9,633,141005200
627.85,636.87,627.77,635.38,94118500
626.02,629.83,623.78,624.01,78870400
615.88,625.86,615.63,625.63,87216500
607.25,614.73,606.47,614.13,58052400
606.6,609.85,604.1,607.27,50190000
603.83,606.7,602.06,606.31,49214900
604.51,606.4,600.73,604.71,58709000
597.85,607.33,597.33,604.59,79438800
588.63,597.53,585.4,597.51,69064100
594.7,596.6,588.04,588.82,57711500
592.43,597.4,591.74,593.87,41601000
592,594.54,590.7,593.76,39934300
587.49,593.66,587.4,592.83,53302200
584.54,586.25,580.33,585.54,72899400
588.25,594.41,586.4,587.99,57574300
595.25,597.29,587.73,592.33,70716100
601.8,604.41,594.41,594.41,93641100
590.14,601,590,600.96,71766800
592.34,594.2,589.71,592.58,47878600
592,594.8,586.36,591.48,61012000
592.64,599.43,589.8,590.09,114160200
593.74,595.98,589.51,592.33,84344400
572.8,595.75,572.55,594.09,167371400
564.53,571.99,563.96,571.94,97568800
568.21,570,560.73,567.77,189977900
529.06,531.13,524.45,524.75,98735000
528.31,531.83,526.5,531.7,50640800
525.34,532.14,523.96,531.17,45637200
520,527.76,519.2,524.94,71083600
518.05,521.09,514.14,519.01,53691400
520.27,521.64,511.33,517.96,66622500
521.9,522.16,517.21,521.68,51418500
519,522.83,517.14,519.61,67929400
530.68,532.24,523.17,523.48,59913000
522.64,530.49,522.02,530.32,51542400
525.19,526.12,518.7,523.44,60972100
528.02,530.9,521.89,523.47,72462600
539.81,540,530.58,531.82,68812800
541.39,542.5,537.64,538.79,40586000
542.38,543.48,540.26,542.55,45105200
537.76,541.87,536.77,541.65,50190000
539.23,540.81,535.93,536.74,42167300
538.32,538.94,534.25,536.86,50141000
540.02,541.5,535.12,537.46,55507900
546.52,549,538.86,539.78,74942000
541.5,545.75,539.59,544.99,70573300
538.42,540.5,535.06,539.19,88925200
531.93,533.75,526.33,532.87,93511600
529.89,532.67,527.35,528.7,52099600
532.26,536.24,529,531.26,56189000
525.9,531.97,525.2,531.4,52411800
527.7,529.97,525.85,526.74,49886200
528.79,530.89,523,524.69,59299800
537.44,539.66,529.16,530.65,64435700
534.51,537.35,532,536.61,49831600
535.45,538.74,532.59,536.09,69806100
528.36,533.33,528.34,530.92,44646000
531.09,531.98,526.05,530.44,55182400
532.79,534.44,528.1,530.75,46372200
530.92,534.75,529.13,532.36,50015700
531,532.64,527.77,531.24,64785000
523.42,530.65,522.81,527.76,59695300
529.08,532.75,522.12,526.24,92992200
517.14,528.78,516.05,527.67,75470500
523.61,525,515.6,517.35,69054300
529.38,529.57,521,522.06,57988000
523.15,529.92,522.42,527.55,72227400
532.79,534.57,524.6,525.25,69696200
532.99,537,529,531.15,76464500
544.75,546.89,534.35,537.37,78442000
546,551.19,545.61,545.99,65062900
542.47,545.98,541.21,543.99,68231100
534.66,544.85,534.2,544.43,76849500
536.95,539.56,533.24,535.92,77025200
530.61,537.75,529.5,535.96,70564200
518.66,531.99,518,528.99,86389800
521.38,522.93,517.38,519.68,92570100
510.06,513.5,507.81,512.51,64441300
506.56,515.28,506.25,512.59,82086200
505.85,509.46,502.76,508.79,94170300
502.61,507.73,499.3,501.53,100366000
82.21,82.61,81.91,82.04,12495900
82.5,82.8,81.71,82.17,15881000
82.63,83.1,81.84,82.28,18925700
82.65,83.42,82.22,82.32,17415500
80.8,82.81,80.8,82.44,19004500
82.25,82.56,81.44,81.56,19607500
82.5,82.72,80.87,81.67,21984100
82.9,83.5,82.21,82.22,19685500
83.81,84.34,82.41,83.2,24404400
83.38,83.95,82.88,83.3,18283600
82.72,83.77,82.14,83.01,32742800
85.5,85.52,82.92,82.92,37224600
84.71,86.07,84.52,85.31,32475600
83.92,84.96,83.3,84.43,27035900
83.39,84.6,83.07,83.8,44289600
81.12,83,81,82.75,41982800
79.25,81.24,79.17,80.91,36912400
78.36,79.78,78.34,79.36,22170000
77.96,78.12,77.36,78.07,19305400
78.6,79.38,77.68,78.05,18557300
78.1,79.05,77.91,78.93,16093300
77.8,78.43,77.26,77.57,20215700
78.5,79.26,77.55,77.55,23067100
79.68,79.91,78.63,79.44,18925100
80.9,81.33,79.83,80.01,24488600
81.23,81.99,81.05,81.21,27825700
79.3,81.15,78.85,80.9,28126700
79.61,79.7,78.52,79.6,18635000
79,79.86,78.52,79.75,21662500
80.68,81.23,78.62,78.97,30739200
79.88,81.37,79.72,80.41,31111900
78.5,80.2,78.5,79.56,25593800
78.5,79.48,78.1,78.45,18897100
79.96,80.19,78.38,78.84,24139100
79.55,80.34,79.2,79.9,36931700
76.99,79.84,76.95,79.42,45851200
75.94,76.9,75.45,76.71,22426400
75.3,76.91,75.08,75.6,25254400
76.46,76.48,75.5,75.74,18621900
76.86,76.87,75.89,76.23,17235000
75.09,76.75,75.03,76.51,20877400
74.85,75.34,74.5,75.19,15811300
74.05,74.83,73.45,74.44,16194300
75.68,75.7,74.25,74.47,20989300
75.71,75.98,75.21,75.61,15062600
75.09,76.35,75.01,75.63,20277400
75.19,75.58,73.86,75.4,26957700
76.11,76.14,73.75,74.99,41955300
78,78.16,75.75,75.91,42649500
76.85,78.02,74.21,78,61293500
76.9,77.64,76,76.24,53306400
76.71,76.88,75.63,75.78,20110000
77.98,78.47,77.29,77.5,19260800
77.65,78.19,77.04,77.83,16746500
77.17,77.75,76.68,77.65,19519500
76.16,77.3,75.85,76.74,25096700
75.72,76.31,74.82,76.24,22821600
74.04,75.32,73.84,75.18,21791500
76.4,76.57,73.54,74.05,34134000
76.42,77.2,76.03,76.28,25918600
77.23,78.08,75.85,76.45,25179600
77.84,78,76.21,76.72,19190200
78.2,78.62,77.2,77.74,21157000
76.74,78.23,76.08,78.18,23961000
76.76,77.36,75.82,76.15,22045300
77.23,77.59,75.36,76.15,27399300
77.98,79.25,76.86,77.19,26452200
78.58,78.93,77.7,78.45,18177500
79.54,79.8,77.86,78.02,20040400
79.85,80.59,79.1,79.22,14370800
80.49,80.96,79.71,80.02,14134700
81.02,81.28,80.51,80.78,10647400
81.03,81.43,80.75,80.77,7685500
82.02,82.17,80.4,80.61,19865800
80.08,81.89,80,81.45,31395800
78.75,80,78.33,79.88,43335000
76.89,78.4,76.51,78.4,34222100
75.01,76.41,74.9,76.11,29203900
76.19,77.39,74.59,74.69,31554600
78.46,78.58,76.56,76.99,29396500
77.16,78.88,77.02,77.83,28091600
76.52,78.52,76.48,77.73,33462100
76.65,77.55,76.07,76.18,32210500
75.2,76.93,74.78,76.84,25358600
76.18,77.25,75.4,76.52,25733900
75.8,76.76,75.36,76.36,24306400
74.83,75.55,74.66,75.24,14362800
75.38,75.73,74.4,74.88,16689900
75.33,75.91,75.04,75.46,16724600
77.26,77.31,74.8,75.1,31789900
77.67,78.27,77.23,77.7,15992000
75.53,77.78,75.51,77.62,32695300
74.21,75.74,74.13,75.63,32250200
73.54,74.35,73.35,74.01,22103800
74.5,74.5,73.5,73.75,23055400
72.8,73.99,72.51,73.6,19154900
74.01,74.54,73.11,73.33,25441200
74.45,74.8,73.9,74.34,20690500
74.88,75.66,73.88,74.24,28701200
74.27,74.93,74.04,74.88,19476900
74.74,75.24,73.64,74.25,26448500
74.28,75.14,73.54,74.72,26536600
74.95,74.98,74.03,74.61,18715700
75.36,75.48,74.61,75,21575100
75.39,75.86,75.02,75.6,20774000
74.89,75.6,74.31,75.26,21383000
76.51,76.8,74.42,74.83,35913000
74.23,75.77,73.65,75.76,39326000
75.47,75.52,73.7,73.88,40727000
74.93,75.7,74.45,74.99,44544000
75.05,75.35,72.9,74.11,83270000
75.45,76.88,74.78,75.86,106120000
80.18,81.16,79.57,80.77,71343100
80.74,80.8,79.76,80.28,30169000
80.2,80.82,79.32,80.67,32248000
79.38,80.63,79.01,80.04,35056000
78.82,79.85,78.01,78.37,41808900
77.56,78.74,77.15,78.69,32252000
75.6,77.09,75.38,76.95,34701000
74.23,76,73.75,75.95,76342000
70.79,73.35,70.58,72.63,53529000
71.69,73.8,70.32,73.21,61528000
74,74.18,72.05,73.59,50299000
73.23,74.78,72.52,72.99,43938000
75.59,76.5,72.76,72.91,52146000
77.28,77.76,75.85,75.91,32487000
76.18,77.71,75.1,77.52,32976000
77.05,77.95,76.24,76.29,25317000
77.19,77.89,76.85,77.56,25729000
77.76,78.06,77.26,77.44,23340000
76.57,77.48,75.64,77.08,36488000
78.78,78.82,75.9,76.55,55090000
79.35,79.71,78.6,79.04,35899000
78.12,79.2,77.91,79,34031000
77.59,78.84,77.33,78.79,28872000
78.6,78.94,77.13,77.22,37533000
78.1,78.62,77.51,78.54,30680000
76.33,78.63,76.04,78.29,36814000
77,77.53,75.95,76.8,31961000
77.4,78.3,76.44,77.91,76671000
76.77,77.33,76.52,77,23031000
75.96,77.25,75.57,76.43,28693000
73.52,76.23,73.07,76.08,37742000
77.15,77.25,73.43,74.58,49679000
78.02,78.3,77.1,77.48,26744000
77.13,78.36,77.05,77.92,32219000
76.52,77.95,76.51,77.43,29909000
77.59,78.17,76.2,76.67,28882000
77.26,78.17,77.01,77.89,28183000
76.1,77.38,75.6,77.26,29476000
75.89,76.93,75.53,75.95,26676000
77.14,77.48,75.6,75.83,32389000
75.01,76.7,74.82,76.68,34979000
74.3,74.82,74.01,74.82,26241000
74,74.43,73.73,73.86,21947000
75.27,75.49,74.46,74.63,36323000
75,75.99,74.73,75.96,23993000
74.94,75.28,74.79,75.02,19734000
74.34,74.73,73.57,74.57,20897000
74.92,75.19,74.41,74.57,20102000
74.97,75.18,74.62,74.81,22917000
74.81,75.58,74.51,75.29,26679000
74,74.72,73.96,74.59,23974000
74.32,74.65,73,73.63,38846600
73.97,74.38,73.69,74.3,22207000
73.12,74.25,73.05,73.77,29266000
73.09,73.33,72.22,72.83,27419000
73.46,73.91,73.06,73.44,24591000
73.4,73.43,72.56,73.06,27202000
73,74,72.7,73.17,38141000
72.02,73.72,71.79,72.47,30986000
73.2,73.59,72.18,72.69,34986000
72.36,73.88,72.36,73.51,30777000
72.22,73.22,71.55,72.36,43535000
74,74.17,72.44,72.65,43992000
74.21,75.19,74.13,74.68,36853000
74.72,74.92,73.42,73.71,41324000
75.17,75.5,73.85,74.92,41725000
74.99,75.67,74.66,75.19,45917000
75.96,76.74,74.51,74.98,124168000
69.74,71.33,69.61,71.29,78435000
69.76,69.77,68.61,69.27,40398000
68.81,69.96,68.5,69.4,49539000
66.8,68.46,66.16,68.42,42456000
67.03,67.85,66.04,66.41,38188000
67.54,67.94,67.07,67.66,29594000
67.96,68.09,66.26,67.17,44213200
67.13,68.17,66.9,67.9,38537000
65.28,66.59,64.79,66.34,39212000
63.31,65.34,63.05,64.87,44422000
63.41,65.12,63.15,64.97,51432000
65.06,65.56,62.21,62.76,68926000
66.3,66.57,65.12,65.29,28745000
66.86,67,65.76,66.29,25203200
68.04,68.3,65.79,66.45,41895000
67.58,68.44,67.39,68.06,33243000
67.46,67.92,67.13,67.29,27202000
67.31,67.7,66.84,67.6,46461000
68,68,66.9,67.13,47714000
65.58,67.48,65.57,67.44,44308000
65.36,67.17,65.27,65.72,57335000
64.32,65.66,64.22,65.37,34560000
64.46,64.81,63.35,64.5,46466000
65.46,65.58,64.21,64.34,34245000
64.49,65.75,64.05,65.6,35570000
64.1,64.88,63.93,64.4,27715000
64.16,64.88,63.75,64.19,31046000
64.7,64.97,63.83,64.5,29419000
65.85,66.47,64.06,64.29,55730000
65.32,65.8,64.9,65.78,44242000
63.53,65.82,63.5,65.77,69206900
62.4,63.34,61.79,62.88,37617000
63.37,63.48,62.15,62.5,42442000
63.66,64.36,62.82,63.19,47352000
62.45,63.59,62.07,63.34,36514000
62.62,63.42,62.32,62.87,32217000
63.23,63.59,62.05,63.08,35947400
63.95,64.17,62.56,63.3,45253500
63.84,64.3,63.51,63.83,42700000
63.39,64.14,62.62,63.51,47795000
61.62,63.51,61.57,63.48,55682000
60.41,61.45,60.15,61.35,38294000
60.94,61.48,60.4,60.52,54200000
58.56,60.5,58.25,60.49,58992000
59.5,60.19,58.18,58.56,53931000
57.89,59.56,57.57,59.21,43034000
58.31,58.45,57.31,58.02,47933000
59.26,59.38,57.52,57.92,56814000
59.53,60.45,58.95,59.23,47429000
59.66,60.89,59.51,59.83,48525000
57.98,59.9,57.98,59.83,48575000
56.85,57.65,56.38,57.24,52584000
57.23,58.82,56.5,56.76,61251000
58.77,59.3,56.26,57.39,78587000
60.98,61.15,58.49,58.53,55901000
59.67,61.35,59.18,61.22,46057000
61.3,61.89,60.18,60.46,54189000
60.43,62.28,60.21,61.15,82429000
57.58,59.85,57.16,59.78,76093000
56.09,58.28,55.84,58.15,75557000
58.05,58.31,54.66,56.14,107758000
59.97,60.01,57.57,57.71,92502000
63.6,63.65,59.77,60.87,138769000
63.45,63.48,61.26,61.36,96565000
62.65,63.44,62.22,63.03,60631000
59.46,61.24,59.15,61.24,60364000
59.3,60.58,58.72,58.94,88040000
59.79,60.19,57.74,59.72,78774000
59.29,59.68,55.88,59.09,108623000
60.09,60.45,57.78,58.89,72325000
57.6,60.31,57.31,58.53,91452000
63.08,63.18,58.68,59.16,114988000
59.63,62.46,59.19,62.41,100215000
57.68,58.71,57.17,58.19,78836000
55.9,58,55.44,56.95,108488000
59.94,60.2,56.32,56.75,125214400
62.55,63.17,59.13,59.49,83859000
63.21,63.91,62.21,62.72,66277000
60.46,62.66,60.24,62.62,59291000
60.78,61.52,59.87,60.24,53011000
61.34,61.95,59.34,60.01,67052000
60.51,61.9,57.98,60.97,112650000
64.74,64.95,60.37,60.39,97503900
64.89,66.19,63.78,64.89,68786000
67.19,67.36,63.36,64.1,85696000
67.53,67.92,66.18,67.24,59999900
68.01,68.23,66.82,66.97,44439000
69.17,69.29,67.47,68.24,43981000
68.76,69.6,68.3,69.19,40827000
68.18,68.95,66.62,68.74,52197000
68.49,69.43,67.46,67.72,48227000
71.29,71.35,68.15,68.83,57091000
69.86,71.35,69,70.88,46340500
72.5,72.59,69.96,70.1,59408300
70.77,72.15,70.51,72.03,59871600
71.08,71.18,69.47,69.8,38927000
71.88,71.89,70.25,70.84,46026500
69.69,71.97,69.62,71.57,74567700
68.66,68.9,67.62,68.8,42013500
66.96,68.05,66.51,67.41,56824100
69.47,69.88,67.38,68.46,66783700
69.34,70.01,68.87,68.94,41653700
70.19,71.22,68.85,69.26,55322700
70.95,71,69.45,69.85,52077000
68.74,71.44,68.54,70.78,76620300
69.69,69.96,68.45,68.59,70932400
67.73,70.11,65.73,69.63,130928900
67.05,69.08,67,68.06,62087100
66.94,67.54,66.07,67.3,43809900
67.5,67.58,66.72,67.09,36694900
64.18,67.33,64.05,67.33,61911700
64.92,65.06,64.05,64.45,47282100
63.75,65,63.35,64.85,45675600
64.3,64.49,63.47,63.55,43666100
62.27,64.57,62.22,64.32,60704300
61.46,62.78,61.46,62.16,42086500
62.74,63.16,61.27,62.19,51685100
62.05,63.14,61.82,62.75,45985500
63.03,63.77,60.7,61.48,74866600
542.29,542.29,537.31,540.01,1400800
541.03,541.95,535.49,540.78,1549700
538.38,543.85,538.38,541.61,1170400
538.08,542.69,536,537.02,1298000
532.22,538.41,529.57,536.77,1316900
540.85,540.85,533.85,535.53,1708400
548.6,551.14,539.5,542.56,1947600
550,554.71,546.72,548,1576600
551.62,553.47,548.17,552.03,1281400
553,555.28,548.13,548.34,1889200
557.59,558.9,550.65,555.17,1565300
570.5,572.26,558.74,558.78,2110700
562.56,574.59,561.21,570.19,2570100
560.43,562.36,555.83,558.81,1625600
561.65,561.72,559.05,560.36,2585800
559.39,560.8,556.15,557.99,1191100
552.5,559.78,547,559.5,2128700
551.71,553.8,548,550.84,1800600
550.95,556.85,546,554.51,1636500
553.5,558.4,544.22,547.32,1698900
553.51,556.37,550.46,555.51,1385800
555.14,558.14,550.68,551.18,1815800
564.25,564.85,554.73,555.01,1787400
566.86,570.27,563.53,568.85,1059200
574.88,576.68,566.76,567.68,1654600
575.02,577.91,573.41,575.33,1385800
571.87,577.11,568.01,573.37,1871700
570.45,575.39,566.52,573.64,1700100
560.53,572.15,558.75,571.34,2123800
554.24,564.71,552.9,558.4,2403600
543.21,556.14,541.5,555.48,2305200
535.9,546.22,535.45,543.87,1821000
530,536.79,528.25,536.09,1002300
536.05,536.44,529.41,531.91,1453900
543.13,543.75,535.8,538.95,1440400
538.04,543.11,538.01,542.87,986400
541.4,545.49,537.51,539.7,1449100
546.83,550,541.09,542.84,1612400
543.35,549.91,543.13,549.01,1895100
537.25,544.82,534.67,542.93,1615800
535.3,538.45,533.38,535.97,1374000
529.3,537.7,526.92,536.94,1745100
528,532,526.02,527.83,1264300
527.64,537.2,526.41,531,1744600
523.79,528.5,522.09,527.58,1844700
529.24,532.67,521.27,522.76,1659100
528,533.4,523.26,529.24,2033100
531.73,533,518.55,528.48,2842000
515.86,539.87,515.52,534.52,5591000
511,511.09,501.2,510.66,4174900
522.78,522.99,510,510,1679200
529.97,530.7,518.19,518.63,1898800
538.53,539,529.67,535.21,1539500
535.59,542.17,533,539.95,2275500
521.48,536.33,519.7,534.39,2669600
507.25,519.28,506.2,518.04,2262500
511,512.5,506.02,506.9,2221800
500.01,508.19,500,508.08,2292000
505.57,505.68,497.76,501.79,2708400
494.65,503.23,493,500.87,2229600
498.84,502.98,492.39,496.18,2364000
494.94,495.98,487.56,492.55,2316000
504.76,504.92,494.79,496.17,2063700
497.99,503.48,491,502.68,3344400
507,507.24,499.65,501.1,2059400
515,516.17,501.05,501.96,2892000
523.26,524.33,513.06,513.87,2054200
529.01,531.27,524.1,524.81,1443600
531.25,532.6,525.8,526.4,1364500
528.09,531.15,527.13,530.42,873900
532.19,535.48,530.01,530.33,2272300
528.77,534.25,527.31,534.03,1033200
530.51,531.76,527.02,528.77,704000
527,534.56,526.29,530.59,2191600
516.08,526.46,516.08,524.87,2716300
511.51,517.72,506.91,516.35,3680100
512.95,513.87,504.7,511.1,2918700
497,507,496.81,504.89,2875300
511.56,513.05,489,495.39,3953400
522.74,523.1,513.27,513.8,2805700
523.51,528.5,518.66,518.66,1989100
527.8,533.92,527.1,528.34,1606400
533.08,536.33,525.56,526.06,1707600
522.14,534.19,520.5,533.37,1866200
527.13,531,523.79,526.98,2323000
531,532.89,524.28,525.26,2558600
531.16,537.34,528.59,537.31,1388300
531.44,536,529.26,531.32,1274500
533.51,535.5,529.8,533.75,1521600
538.9,541.41,531.86,533.8,2109600
540.62,542,536.6,541.83,1145200
540.88,541.55,537.04,540.37,1518800
539,543.98,538.6,541.08,1784200
537.65,542.7,535.62,539.27,1701300
541.61,542.14,536.56,537.5,2217600
531.25,535.11,531.08,534.83,1557700
535,538.24,530.08,536.99,1387800
537.5,541.94,534.17,535.03,1957300
543.58,543.79,534.06,536.51,1721100
546.68,546.68,542.15,544.4,1285700
549.8,549.8,543.48,545.38,1335700
550.39,550.46,545.17,547.31,1126300
548.49,551.94,546.3,550.29,962900
541.46,549.59,541.02,547.49,1131500
546.21,546.21,538.67,541.01,1629300
545.5,546.89,540.97,542.04,1329600
556.8,556.8,544.05,545.92,2026700
553,555.5,549.3,554.11,1240800
555.5,557.9,553.23,555.22,1378500
559.35,559.57,554.75,559.08,2029500
548.95,552.8,543.51,550.31,1451500
550,554.19,546.98,549.33,1765700
543,548.98,541.62,548.9,1267500
537.03,544.41,537.03,540.77,1182100
544.36,544.88,535.79,539.78,1967700
539.32,547.22,535.85,543.98,2342400
529.89,539.8,528.8,532.71,2911300
525.19,526.79,519.11,526.54,2329900
509.45,521.76,508.1,520.84,2600400
527.25,530.98,508.53,511.17,5524200
519,529.43,515,524.51,3698400
531.01,532.8,518.3,530.03,3709200
538.9,547.19,533.17,537.94,2216500
544.99,549.5,533.1,533.21,2574600
557.72,565.13,544.05,544.49,3073500
571.18,571.49,559.06,560.88,2517900
565.57,573.88,557.49,572.5,1985400
574.4,575.27,563.74,563.74,1906100
578.8,581,574.44,577.35,1211300
573.05,577.22,572.5,575.28,1138600
567.31,571.91,563.32,570.08,1175200
576.01,577.58,567.01,568.27,1441500
576.93,579.85,572.85,577.36,1617300
571.75,578.19,571.17,576.36,1278900
576.06,579.25,574.66,577.1,1439700
587.55,587.98,574.18,575.06,1920700
581.46,589.63,580.52,587.99,1723400
586.85,586.85,581,581.13,1467400
593.82,593.95,583.46,587.37,1684900
591.5,596.48,589.5,596.08,3726400
587,589.54,585,589.27,1440600
580.01,587.52,578.78,584.77,1688200
572.76,581.5,572.66,579.95,1476300
572.94,574.95,568.21,573.1,1593200
581,581.64,574.46,575.62,1597300
580.36,581.81,576.26,581.35,1217700
581.5,583.5,576.94,583.1,974700
588.9,589,580,581.01,1283700
586.6,591.77,586.3,589.72,1427100
583.98,586.55,581.95,586.08,1627900
580,586,579.22,581.98,1454200
580,582.99,575,577.94,1211800
571.85,577.83,571.19,577.33,1574100
571.33,572.04,567.07,571.6,1080800
569.56,573.25,567.1,569.2,1289400
577.27,578.49,570.1,571,1698700
581.26,581.8,576.58,577.86,1635200
584.72,585,579,580.2,1357700
583.59,585.24,580.64,582.56,786900
583.82,584.5,581.14,583.37,912300
585.88,586.7,582.57,584.49,1033900
585,587.34,584,586.86,976000
576.11,584.51,576,582.16,1280600
577.86,579.38,570.52,573.48,1515000
576.18,577.9,570.88,574.65,982800
567.31,575,565.75,574.78,1437900
564.52,565.9,560.88,562.73,1537800
569.99,570.49,566,567.88,1211400
563.56,570.25,560.35,568.77,1490700
568,569.89,561.1,563.36,1107900
561.78,570.7,560,566.37,1330700
570.05,571.98,562.61,565.07,1547000
569.04,575.35,564.1,573.15,1423400
570.4,575.96,562.85,566.07,1949900
580.6,583.65,570,571.6,2097000
586.55,589.5,584,587.42,1013700
588.75,589.7,583.52,585.61,1346200
588.07,592.5,584.75,590.6,984100
590.4,591.86,587.03,589.02,929900
596.45,599.5,591.77,593.35,1032300
593.23,597.85,592.5,595.98,1229800
590.72,599.65,590.6,594.74,1694500
591.75,594.4,585.23,589.47,2056500
593,596.8,582,595.08,4003200
579.53,580.99,568.61,573.73,3008300
588,588.4,582.2,582.66,1393300
585.74,585.8,576.56,584.78,1618600
582.6,585.21,578.03,584.87,1849000
571.91,580.85,571.42,579.18,1617300
565.91,576.59,565.01,571.1,1353000
571.58,576.72,569.38,576.08,1113700
577.66,579.53,566.14,571.09,1904300
583.76,586.43,579.59,582.25,1061700
583.35,585.01,580.92,584.73,712200
583.35,585.44,580.39,582.34,1053500
578.32,584.4,576.65,582.67,1444000
578.66,579.57,574.75,575.28,1310200
577.18,579.87,573.8,577.24,2230800
581,582.45,571.85,576,1737200
565.26,579.96,565.22,578.65,1964000
565.19,572.65,561.01,564.62,2201100
555.15,565,554.25,564.95,1532600
556.85,557.58,550.39,556.36,4496000
554.24,555,548.51,554.9,2450100
544.86,553.56,544,553.37,1737000
544.2,545.32,539.33,543.01,1440600
549.26,549.62,541.52,544.28,1697900
552.26,552.3,545.56,551.76,1217200
557.3,557.99,548.46,551.35,1454500
558,559.88,555.02,558.84,1097100
560.51,563.6,557.9,560.55,1348000
557.15,562.9,556.04,562.12,1463500
558.06,558.06,548.93,556.33,1732000
546.4,554.95,544.45,553.9,1684500
541.5,548.61,538.75,544.66,1811500
550.99,552.34,542.55,544.94,1861500
560.7,560.9,545.73,553.93,1431100
560.8,561.35,555.91,559.89,1766300
563.35,564,558.71,560.08,1350400
564.57,567.84,561,561.68,1647500
556,566,554.35,565.95,2098400
547.26,553.64,543.7,552.7,1926900
541.13,547.6,540.78,545.06,1611400
532.9,539.18,531.91,538.94,1193000
529.74,536.23,526.3,529.77,1779900
519.7,529.78,517.58,528.86,1274300
521.39,521.8,515.44,520.63,1481200
525.7,525.87,517.42,519.98,1699700
533,533,525.29,526.65,1188500
530.89,536.07,529.51,533.09,1648900
523.51,530.19,519.01,529.92,1907300
510.75,519.9,504.2,518.73,2432800
508.46,517.23,506.45,511,2015800
515.79,516.68,503.3,509.96,3215500
525.23,526.81,515.06,515.14,1684400
524.82,528.9,521.32,527.81,1021300
533.76,534,525.61,527.93,1683900
527.11,532.93,523.88,531.35,1900300
527.6,528,522.52,526.66,1746400
516.9,529.46,516.32,527.7,2691700
517.18,518.6,502.8,517.15,3326400
522.51,524.7,515.42,516.18,2094600
530.07,531.65,522.12,525.16,1878000
533.79,533.87,526.25,526.94,2046700
528.64,537.23,527.51,534.81,2358900
536.1,536.7,525.6,528.62,2559700
548.81,549.5,531.15,536.1,6790900
543,557,540,556.54,4879900
536.82,538.45,518.46,536.44,3844500
538.25,544.1,529.56,532.52,2568000
532.55,540,526.53,530.6,3914100
565,565,539.9,540.95,4025800
559.62,565.37,552.95,564.14,3321700
542.6,555,541.61,554.9,3142600
540.74,548.48,527.15,538.15,4389600
574.65,577.77,543,543.14,6351900
569.85,587.28,564.13,569.74,5085200
599.99,604.83,562.19,567,146700
558.71,568.45,558.71,567.16,7900
566.89,567,556.93,556.97,10800
561.2,566.43,558.67,559.99,41100
568,568,552.92,558.46,13100
45.79,45.79,45,45.18,8088500
45.7,46.17,45.16,45.63,13637900
43.86,45.19,43.8,45.17,15995100
43.79,44.22,43.56,43.61,11354700
43.82,44.03,43.61,43.67,10705800
44.24,44.36,43.68,44.15,12226100
44.45,44.6,43.95,44.13,14683300
44.82,45.2,44.42,44.44,10408000
45.36,45.42,44.82,44.95,8848000
45.2,45.67,45.01,45.1,20520400
43.78,44.67,43.68,44.47,15819300
44.59,44.93,44.13,44.2,13808900
44.64,44.78,44.28,44.42,7532100
45.25,45.54,44.71,44.72,8244400
45.37,45.58,44.91,45.04,14044500
44.9,45.45,44.81,44.98,14708000
43.58,44.71,43.43,44.67,18919900
43.54,44.16,43.46,43.79,9656200
42.93,43.88,42.75,43.51,11376400
42.84,42.98,42.44,42.87,9087000
42.7,43.36,42.58,42.95,8384800
42.77,42.99,42.36,42.5,10007300
42.57,42.92,42.18,42.68,10600700
43.6,43.93,42.67,42.98,11801900
43.98,44.24,43.4,43.44,11888000
44.18,44.31,43.5,44.16,11867700
42.08,44.38,41.97,43.99,30098500
43.7,43.95,42.42,42.62,22392400
44.06,44.43,43.7,44.11,11027300
44.38,44.57,44.05,44.28,10044200
44.6,44.76,44.26,44.45,9223800
43.21,44.72,43.21,44.43,17922900
43.45,43.52,42.91,43.38,9797500
43.99,43.99,43.42,43.53,12129100
44.3,44.36,43.76,44.11,12036200
43.65,44.42,43.5,44.37,13301000
43.56,43.82,43.3,43.65,10410700
44.37,44.54,43.35,43.53,12798400
44.12,44.59,44,44.42,13785800
43.07,44.16,42.86,43.93,18158200
43.18,43.26,42.76,42.96,9791100
42.9,43.18,42.66,43.07,12160800
42.61,43.15,42.54,42.57,15507600
43.57,43.66,42.67,42.94,16005100
44.08,44.26,43.03,43.55,18414500
44.8,44.98,43.88,44.05,16281400
45.1,45.25,44.38,44.7,16985900
44.43,44.76,43.88,44.69,20305700
43.75,44.85,43.51,43.99,36033600
43.56,43.8,41.8,43.73,74370100
49.8,50.32,46.3,46.46,84839700
49.14,49.28,47.66,47.99,45777200
49.57,49.79,49.07,49.44,18976400
48.74,49.23,48.63,48.95,14294300
48.43,49.08,48.01,48.89,12647400
47.6,48.38,47.32,48.18,16305100
46.79,47.89,46.77,47.63,15845900
46.06,46.59,45.85,46.47,14681800
47.54,47.75,46.2,46.23,17126000
47.7,48.09,47.07,47.51,15911600
49.15,49.48,47.4,48.3,21605200
49.92,49.93,48.56,48.8,10170700
50.28,50.41,49.62,49.72,7462800
48.99,50.23,48.72,50.23,14704800
49.62,49.64,48.51,48.59,11788000
49.2,49.88,48.33,49.21,16204300
49.71,49.88,48.91,49.13,14389300
50.66,50.78,49.47,50.17,11924500
51.54,51.68,50.46,50.51,9305000
50.35,51.27,50.35,51.22,10703500
50.67,51.01,50.51,50.53,6624500
50.65,51.06,50.61,50.86,5169700
50.19,50.92,50.19,50.65,5961900
51.46,51.46,49.93,50.02,15514000
50.99,51.6,50.95,51.15,24021100
51.06,51.47,50.83,50.88,24110200
50.93,51.15,50.44,50.91,15338900
49.02,50.25,48.9,50.12,17112300
49.5,50.08,48.81,48.85,21399300
50.42,50.92,49.5,49.82,18132500
49.54,51.17,49.48,50.24,20370500
49.54,50.58,49.43,49.94,21100200
50.33,50.69,49.19,49.21,16184100
48.75,50.53,48.29,50.51,19655600
50.52,50.9,49.22,49.62,18190100
51.03,51.25,50.51,50.99,15418100
50.19,50.67,49.9,50.41,12136700
50.71,50.97,50.2,50.28,14236000
50.27,51.12,50.01,50.67,16099900
51.43,51.43,49.66,50.1,23146900
51.87,52,51.64,51.74,8913700
51.56,52.26,51.52,51.93,13428500
51.98,52.19,51.6,51.72,14219600
51.25,51.83,51.07,51.83,14643500
51.99,52.25,50.99,51.04,22225300
50.6,52.23,50.27,51.25,28916000
51.24,51.37,50,50.58,29260000
52.28,52.62,51.34,51.75,26847300
51.83,52.42,50.94,52.37,38392800
50.52,51.95,50.47,51.75,28824700
50.96,51.17,49.95,50.5,35513400
49.33,50.63,49.22,50.6,30564700
48.57,49.18,48.1,49.05,31586300
48.8,49.63,48.79,49.41,24730300
47.9,48.67,47.86,48.55,24166700
47.37,47.98,46.6,47.93,22636000
47.62,48.28,47.32,47.46,33021500
45.99,47.13,45.74,47.08,25051500
46.05,46.72,45.94,46.34,17181500
46.16,46.52,45.67,46.05,18446800
45.21,45.84,45.13,45.63,16205500
45.94,45.98,45.13,45.43,25389100
45.01,46.15,44.88,45.87,36834900
43.31,44.82,43.29,44.7,36596500
42.53,43.65,42.4,43.5,33805800
42.4,42.83,42.26,42.6,30653400
42.42,42.88,41.77,42,69348900
39.65,40.48,39.46,40.18,41955200
38.47,39.4,38.25,39.28,17802400
38.74,38.98,38.31,38.45,24107000
36.95,38.5,36.92,38.12,26998500
37.27,38.08,36.2,37.82,41973500
38.66,39,37.71,37.97,38509000
39.52,40.07,38.29,38.38,38841900
40.73,41.07,39.59,39.6,36771500
40.9,41.25,40.42,41.1,33519600
41,41.29,40.1,41.08,26593500
41.06,41.29,40.78,40.93,22538300
41.2,41.73,41.04,41.52,23576100
40.79,41.69,40.65,41.03,38191700
40.24,40.64,39.69,40.5,24584400
40.66,41.24,40.11,40.32,35172900
40.58,41.23,40.44,40.75,30386500
40.41,41.09,40.16,40.52,35883300
39.01,40.8,39,40.66,62189200
39.56,39.8,38.82,38.95,35916500
39.26,40.1,38.91,39.88,49014100
38.15,39.27,37.9,39.05,66105300
39.77,40.04,38.22,38.65,109217100
42.44,43.19,39.55,40.93,233872100
43.05,43.32,41.42,42.09,93702100
42.37,42.96,42.3,42.59,39495500
42.61,42.96,41.69,42.71,61490700
43.98,44.01,42.14,42.55,72409900
41.73,43.2,41.5,42.88,69745500
41.02,41.56,40.93,41.26,25203000
41.05,41.23,40.33,41.14,30741800
42.01,42.06,40.6,40.78,52683000
40.34,41.82,40.26,41.81,75520200
39.05,39.8,39.05,39.59,26200400
39.14,39.34,38.96,39.19,14763300
39.49,39.6,38.69,38.87,16092900
38.9,39.3,38.79,39.27,19803300
38.57,38.67,38.2,38.51,11634100
38.09,38.57,37.9,38.31,16490600
38.3,38.72,37.83,38.18,24843000
37.76,37.92,37.56,37.79,9516800
38.14,38.22,37.54,37.71,14356400
37.7,38.2,37.64,38.01,14879100
37.65,37.75,37.31,37.64,12254900
37.61,37.75,37.31,37.5,12670300
37.56,37.94,37.5,37.83,17084900
36.77,37.77,36.75,37.38,20153200
36.2,36.57,36.12,36.47,13338900
36.32,36.42,36.17,36.36,8927300
35.96,36.45,35.77,36.19,16532300
35.8,35.99,35.15,35.52,12902700
36.1,36.15,35.75,35.79,8660100
35.73,35.96,35.4,35.91,10593700
36,36,35.53,35.66,11306600
35.58,35.94,35.44,35.79,11770500
36.32,36.42,35.62,35.7,17636400
35.71,36.66,35.65,36.53,13097200
35.69,36.08,35.31,35.62,14573000
36.26,36.49,35.68,35.81,17937400
35.94,36.99,35.8,36.6,29876700
35.91,36.16,35.67,35.68,11570900
36.23,36.23,35.51,35.9,14607200
36,36.33,35.75,36.12,20143800
35.09,36.55,35.04,36.17,47391000
33.78,34.92,33.68,34.71,38622500
33.48,33.84,33.4,33.6,18153600
33.35,33.64,33.16,33.28,18431000
33.18,33.35,32.93,33.33,21540900
33.82,33.9,32.98,33.21,37535900
34.42,34.45,33.72,33.79,56260600
35.72,35.94,35.2,35.61,36316600
35.8,35.95,35.45,35.7,18680500
34.95,35.56,34.78,35.43,18379500
34.33,34.97,34.1,34.93,18064800
34.68,35.07,34.68,34.85,12626900
35.64,35.66,34.28,34.53,23096900
36.15,36.23,35.48,35.52,15716800
36.07,36.15,35.9,36.14,8604900
35.62,35.91,35.4,35.88,16533600
35.5,35.7,35.21,35.35,18609600
34.93,35.26,34.85,35.13,20450100
33.85,34.55,33.7,34.25,25500600
33.25,33.75,33.02,33.66,16010000
33.38,33.65,33.1,33.25,18074400
33.79,33.99,33.35,33.48,14589800
34.13,34.22,33.37,33.64,26206400
34.81,34.81,33.97,34.05,21605800
35.14,35.2,34.52,34.68,16200000
34.67,35.01,34.26,34.94,17836000
34.8,34.94,34.3,34.43,24402900
35,35.49,34.77,34.81,32432300
36.88,37.06,36.64,36.94,12926300
36.5,36.79,36.34,36.78,12466100
36.25,36.84,36.11,36.63,13321500
35.87,36.52,35.86,36.31,9179300
35.86,36.32,35.54,36.04,14390000
35.06,36.08,35.05,35.92,18707200
34.79,34.99,34.36,34.94,11192800
34.48,34.83,34.26,34.73,9434100
34.8,34.97,34.58,34.65,6557500
34.69,34.95,34.28,34.87,9178900
34.92,34.93,34.13,34.65,13153000
34.9,35.1,34.67,34.9,9780800
35.15,35.17,34.42,34.78,16960500
35,35.13,34.73,35.12,13057000
34.85,35.08,34.51,35.02,16294400
34.6,34.86,34.26,34.7,17522800
34,34.39,33.89,34.36,13804500
33.99,34.47,33.67,33.87,18596700
33.41,33.99,33.28,33.89,14845700
33.66,33.66,33.1,33.41,18847100
34.18,34.19,33.4,33.8,18879800
34.48,34.65,33.98,34.17,17039000
34.43,34.69,34.17,34.4,12477100
33.99,34.6,33.87,34.45,22520600
34.01,34.1,33.41,33.76,20303400
33.88,34.57,33.61,33.92,30407700
35.99,35.99,33.67,34.07,66062700
36.94,37.17,36.48,36.49,19156000
36.68,37.05,36.3,36.91,13129100
36.59,37.12,36.21,36.87,22454100
36.26,36.69,36,36.51,19474700
35.89,36.44,35.25,35.95,23341500
34.37,35.89,34.12,35.83,28736000
34.67,35,33.65,33.99,31019200
35.03,35.1,34.29,34.48,19401600
35.82,35.82,34.77,35.24,17242300
36.08,36.19,35.4,35.44,19051700
36.71,36.85,36.11,36.14,17915200
36.6,36.65,35.89,36.4,16685400
36.29,36.6,35.55,36.38,28932700
36.98,37.3,35.81,36.35,61599100
33.93,34.28,32.64,34.21,50600400
33.55,34.04,33.04,33.45,26322600
32.64,33.48,32.15,32.87,28040700
34.88,34.98,33.09,33.4,34024900
34.19,35,33.95,34.87,21651200
33.1,34.43,33.02,33.83,35486100
34.11,34.37,32.53,33.07,47770200
36.01,36.05,33.83,34.26,41049900
36.66,36.79,35.51,35.76,16827800
36.68,36.86,36.56,36.64,14522800
36.16,36.86,36.15,36.49,15734000
36.46,36.58,35.73,35.9,15153200
35.77,36.73,35.53,35.9,18292900
35.5,36.15,35.05,35.59,21929600
36.24,36.74,35.45,35.45,20938800
37,37.07,35.86,35.93,31715100
38,38.04,36.28,36.68,29589000
38.1,38.27,37.73,37.94,16044200
38.37,38.47,37.42,37.77,19517000
39.66,39.94,38.51,38.61,19324600
39,39.51,38.8,39.45,16934700
39,39.36,38.61,39.11,29698300
36.69,38.19,36.45,37.6,30862300
38.05,38.42,36.81,37.23,21179700
37.21,37.61,36.48,37.5,14794700
38.25,38.3,37.43,37.56,12592300
38.63,38.78,37.91,38.05,11819200
39.71,39.91,38.45,38.7,14455500
39.6,39.98,39.5,39.66,10626700
39.83,40.15,39.19,39.5,12536800
38.76,39.79,38.68,39.63,16139400
37.65,38.66,37.43,38.25,14714700
38.55,39.38,38.22,38.67,16957100
37.8,38.48,37.74,38.47,15489400
37.35,38.1,37.34,37.62,15778900
37.48,37.58,37.02,37.26,9756900
37.23,37.71,36.82,37.42,15738900
37.9,37.96,37.22,37.29,12351900
37.83,38.04,37.3,37.79,11155900
38.06,38.33,37.68,37.81,15851900
38.31,38.59,38.09,38.31,12096400
38.43,38.45,38.11,38.23,9975800
37.92,38.69,37.79,38.52,12088100
38.6,38.91,38.03,38.11,14088500
38.15,38.86,38.09,38.5,18348000
38,38.13,37.25,37.76,17642900
36.65,37.27,36.24,37.23,16178500
35.65,36.75,35.61,36.24,14250000
35.6,35.94,34.99,35.49,14022900
35.11,35.86,34.86,35.66,21082500
35.94,36.01,34.66,34.9,22195200